Post Body,sentiment
"【#神奈川14区】中村圭ウィークリーレポートです。日々、大変な暑さです。物価上昇でエアコンを使うのを制限している方もいるかもしれません。そういった方への行政の対策も必要ではないでしょうか。
この暑さ、地球温暖化も心配です。本気のCO2削減へ、再生可能エネルギーへの転換＆省エネを。",1
日本、約1.6兆円の気候変動債の募集を開始 - ESG Journal,1
ドバイで開催されたCOP28（国連気候変動枠組み条約締約国会議）で、日本は世界の再生可能エネルギーを３倍に増やす目標に賛成した。しかし伊藤信太郎環境相の言い分は、”世界の”であり日本がではない・・つまり、他国や新興国が再エネを３倍にしろと言う物だろう。その上、新興国の排出量　続きます,1
「これまでに経験したことのない大雨」が頻発する日本　集中豪雨と地球温暖化の関係とは – HATCH ｜自然電力のメディア,1
"【気候変動対策“逆行”の動き!?】

日本同様、地球温暖化の影響とも思える記録的な暑さが続くアメリカ

バイデン政権は再生可能エネルギーへの転換を進めてますが、ここにきてそれに逆行するような動きが広がっています

ＮＨＫプラスで１週間見逃し配信中
https://plus.nhk.jp/watch/st/g1_2024081610891?t=1800…

#国際報道2024",1
"西村明宏環境大臣と海洋保護や気候変動、水素、再生可能エネルギーについて会談しました。
オーストラリアと日本は環境を保護し、ネットゼロの未来を達成するために協力しています。",1
"第８回気候危機打開セミナー
「地球温暖化対策と原発ゼロは本当にできるのかー世界の最先端と大学での学び」
佐川清隆さん（大学教員）
再生可能エネルギーの研究者として気候ネットワークや公害・地球問題懇談会などの市民運動に取り組む。
３月２０日１４時
日本共産党東京都委員会（大塚駅）",0
"しんぶん赤旗8/25
［再エネの出力抑制］
地球温暖化ガス回避へ
政策転換を

国連のグテレス事務総長は
｢気候崩壊が始まった｣
と各国政府に対策の加速化を強く促している
　2023/12月に閉幕した
ＣＯＰ28(国連気候変動枠組み条約第28回締約国会議)で日本も含め118ヵ国が誓約した再生しないエネルギー",0
"#横須賀石炭火力発電所
営業稼働がスタート。実際の労働者は200人くらいらしい。再生可能エネルギーを点在させれば、もっと地域で、お金が回るのに。
外国へ石炭火力発電を売り込むためにも、止めるわけにはいかない日本のお家事情。
地球温暖化に逆行し世界からますます遅れる。雨でもみんな結集した",1
"日本国内でカーボンニュートラルを実現するためには原子力発電を全稼働させることが十分条件になってくるんだけど，反原発は地球温暖化加速により全世界の命が苦しむことが正しいと思ってんの？
ちな再生可能エネルギーだけでは国内の電力需要に追いつかないしそもそも安定供給は実現不可能だよ",0
"おはようございます。
今朝は若葉台駅で市政報告してます。
朝から暑いです。

気候変動から地球環境を守る。
省エネ推進・再生可能エネルギー大幅普及を。などお話ししてます。
#稲城市
#日本共産党",0
"日本若者協議会(室橋祐貴代表理事)の来訪を受け、同協議会が主催する「日本版気候若者会議」などがまとめた気候変動やエネルギー政策に関する提言を受けました。未来の気候変動の影響を受ける当事者である若者の声を大切にしていきます。

気候対策の目標示せ／若者会議が公明に政策提言 #公明新聞",1
SDGs、ジェンダー、多様性、地球温暖化、再生可能エネルギー、太陽光パネル、メガソーラー、Colabo、学術会議、分科会、日本医師会、日教組、共産主義、反日主義、すべて諸悪の根源。いつか、必ず鉄槌が下されよう言葉。この言葉に嫌悪感、吐き気を催すのは私だけ？,1
"◤原子力の豆知識◢

日本全体のCO2の排出量のうち、約4割は発電によるもの。地球温暖化を防ぐためには、CO2の排出を減らす必要があります。

#原子力発電 や、再生可能エネルギーは、発電時にCO2を排出しません。

原子力がすごい理由「CO2を排出しない！」はこちらhttps://jaif.or.jp/journal/feature/sdgs/reason/02.html…",0
この世界は矛盾に溢れている。先進国はこれまで地球温暖化対策として、電気自動車（EV）や再生可能エネルギーの普及を目指してきた。だが、それらに使う原材料はアフリカや中国に頼り、採掘過程などで生じる環境汚染などに十分な関心を払ってこなかった。,0
"原発や石炭火力発電(日本には、石炭火力発電所が150以上あるそうです…石炭火力発電は、二酸化炭素を多量に排出します…二酸化炭素が、地球温暖化の原因です…(ーー;))に頼らずに、再生可能エネルギーに転換出来るはずです(  ￣ー￣)ノ
僕は、自民党の原子力発電所の新設の政策に反対です(￣ヘ￣メ)",0
共産党の人が「気候変動危機対策のために原発再稼働はやめろ」って言ってるけど、CO2排出対策なら原発動かしたほうがいいんじゃね？再生可能エネルギー？日本の山を全部メガソーラーにすんのかな。,1
暑い、真夏とは言え暑すぎる。ここ十数年夏・冬が長く、春・秋が縮んでいる。地球温暖化とそれによる気候変動が原因である。化石燃料をエネルギーとする大量生産・大量消費の経済政策の結果である。日本の経済界はそれを十分反省した上でSDGsを口にすべきである。,0
"予見可能性の高いエネルギー基本計画・改定はできるのか？

日本の中長期的なエネルギー政策「エネルギー基本計画」の見直し議論が、今年、本格化する。安全保障と気候変動対策を両立するため、再生…
#矢嶋康次
#エネルギー政策 #エネルギー基本計画 #再生エネルギー #日本",0
"本日、環境委員会にて大臣所信に対する質疑を行いました。
・ESG投資と国際基準動向について
・万博アクションプラン、万博への気候変動適応に関する項目追加について
・再生可能エネルギーについて

#うるま譲司 #日本維新の会 #大阪8区",1
"／
　#電気の4分の3 を
　輸入石炭・天然ガス・石油に
　頼っている日本
＼

高騰する電気代は、化石燃料のエネルギー価格高騰を反映しています。

100%国産の再生可能エネルギーなら、気候変動対策になるだけではなく、エネルギーの安全保障にもつながります。

https://act.gp/3H1vDDL",0
"グリーントランスフォーメーション（GX）への取り組みは、環境負荷の低減と、経済成長を両立させるための重要な戦略です。再生可能エネルギーへのシフト等を通じ、地球温暖化の防止に貢献することが重要。日本企業におけるGXの取り組み事例も多数あります　※詳細はリプ欄へ↓
#企業公式相互フォロー",0
#モーニングショー  バカコメンテータだらけ！日本は再生可能エネルギーにあまり向いていない！再生可能エネルギーは気候に左右されるので、四季で気候変動が大きい日本では、安定した供給は難しく、少なくとも主電源にはできない。,0
"亡国のエコ
今すぐやめよう太陽光パネル 
杉山大志
いま日本は、脱炭素のためとして再エネを最優先し、化石燃料産業を痛めつけ、自らのエネルギー供給を危うくしています。
地球温暖化による災害の激甚化など一切起きていません。今のエネルギー政策は根本的に変える必要があります。",0
エネルギー貧困やエネルギー危機に対応するためとして、日本はアジア各地でガス開発を進めています。しかし新規の化石燃料事業を推進することは気候変動対策と逆行します。再生可能エネルギーを中心とした社会への移行をもとめ、アジア各地で #DontGasAsia を掛け声にアクションが行われました。,1
"「エネ基」って何？～2024年のビッグイシュー：日本のエネルギー政策を考える
2023年12月21日（木）　20:00～21:00

まもなく迎える2024年、気候変動対策にとって重要な「エネルギー基本計画（通称：エネ基）」改定の議論が始まります。",1
"再生可能エネルギー導入戦略、熊取町地球温暖化対策実行計画 : 概要版. 区域施策編
熊取町 (大阪府) : 熊取町住民部環境課環境グループ, 2023.3",0
海面上昇により移住を迫られるアラスカの人々を描いた映画『ニュートック』。気候変動の被害による難民は、現在数千万人にものぼる。解決策の一つである再生エネルギーへの転換が世界で進むなか、日本のエネルギー政策はどこへ向かうのか。,1
"太陽光パネル80万トンが寿命へ。廃棄パネルはどうする？(Forbes JAPAN)
#Yahooニュース
https://news.yahoo.co.jp/articles/aace8a17c5f89e9d022e1bc5489000033c6cfeb3?source=sns&dv=pc&mid=other&date=20231029&ctg=dom&bt=tw_up… 
それもそうだが、私たち「再生可能エネルギー発電反対派」が疑問視しているのは
「地球温暖化防止のために環境破壊を促進する」
がなぜ進んでいるのか。",0
"国際エネルギー機関（ＩＥＡ）はインドとの加盟交渉を始める方向で最終調整へ！

現在、米欧を中心に31カ国が加盟していますが、
アジアのメンバーは日本や韓国にとどまっています。
巨大消費国のインドを加えることで、再生可能エネルギーへの移行など、気候変動対策で足並みをそろえやすくなります。",0
"30日に始まる国連気候変動枠組み条約第28回締約国会議（COP28）で、有志国が世界全体の再生可能エネルギーの設備容量を2030年までに3倍にする誓約を表明する。日本も賛同する方向で調整している。

再生エネ「30年までに3倍」 UAEなど誓約、日本も賛同へ調整 https://l.smartnews.com/TUUm5",0
"気候変動
日本以外と温度差
技術で脱炭素に貢献を G7

再生可能エネルギーの
導入拡大に関し
太陽光発電は
現状の３倍強の
１０億キロワット以上に
洋上風力発電も
各国の目標に基づき
１億５千万キロワット増やす

日本は太陽光発電等の
適地が少なく
再エネを増やしにくい",0
"#豊島区 は2050年に目指すべき姿として

全ての区有施設で再生可能エネルギー由来の電力を使用する「2050としまゼロカーボン戦略」を掲げています

しかし、国の原発回帰や区の再開発により矛盾が生じているのが現状です

本気の気候変動対策は日本共産党に託してください！

#豊島区議会議員選挙",0
"日本は化石燃料に毎年平均100億ドル以上を費やす一方で、再生可能エネルギー事業にはその8分の1の金額しか投じられていません

日本政府は、化石燃料への投融資や誤った気候変動対策の推進をやめ、クリーンエネルギーへの支援を強化すべきです

#JapanStopGreenwashing",1
"日本が不名誉な「化石賞」を受賞

気候変動対策を話し合う国連の会議

「COP28」で、国際的な環境NGOは、日本が石炭火力発電所などを延命させ、再生可能エネルギーへの移行を遅らせているとして、気候変動対策に消極的だと判断した国に贈る「化石賞」に選んだと発表しました。",0
"都知事選の公約の一つになってるメガソーラー。

確かに、再生可能エネルギーだけど、地球温暖化対策にはならないと断言。

ソーラー設置のために刈り取られる樹木の吸収する二酸化炭素はどうなるの？

狭い日本でやることじゃない。

ビルの屋上で使う程度にするのがせいぜいだと思うよ。",0
"#俳句
#サングラス

チョイ悪へ憧れた日の
サングラス

石原裕次郎のサングラス 格好良かった

私もかけてみたがまるで誘拐犯

しかし、ともかく暑い
暑すぎる

国連事務総長も気候変動に警鐘を鳴らしいる

日本も石炭火力の延命では無く

再生可能エネルギー
省エネへの転換を！",1
"女性と少女は、次のような分野でリーダーシップを発揮し、より良い世界の構築に貢献しています。
自然保護
農業
再生可能エネルギー
気候変動への取り組み
変化の担い手として、他の人たちと同様に、彼女たちも持続可能な未来に向けた解決に寄与していくことが求められています",0
もはや毎年恒例になってしまった。気候変動対策に消極的な国に皮肉を込めて贈られる賞「化石賞」に4年連続で日本が選ばれる。石炭火力発電所の延命措置と再生可能エネルギーへの移行の遅れが化石賞受賞の理由だそう／日本に「化石賞」 “気候変動対策に消極的” 国際NGOが発表,1
COP28気候変動交渉における「ファイナンスデー」に、世界各国の市民社会団体が、日本政府に対し新たな化石燃料プロジェクトへの資金提供の停止と、再生可能エネルギーへの支援を求めるアクションを行いました。https://sekitan.jp/jbic/2023/12/04/5871…,0
{ZH-Fighting Stigma} IEEJ - ログイン - 一般財団法人 日本エネルギー経済研究所: エネルギーと環境、および中東の政治経済に関する総合的シンクタンク。エネルギーと地球温暖化問題、エネルギー需給と価格動向、再生可能エネルギー、中東 ... http://dlvr.it/TBRtzH,0
{JA-Fighting Stigma} IEEJ - ログイン - 一般財団法人 日本エネルギー経済研究所: エネルギーと環境、および中東の政治経済に関する総合的シンクタンク。エネルギーと地球温暖化問題、エネルギー需給と価格動向、再生可能エネルギー、中東 ... http://dlvr.it/SkfQQp,0
特番『気候変動への日本政府の対応と再生可能エネルギー問題　ーその１ー』ゲスト：経済安全保障アナリスト　平井　宏治氏 https://youtu.be/2ZFbjutzbGw @YouTubeより,1
"最近新宿歩いてると外国人観光客めちゃくちゃ増えてるから
日本株はインバウンド銘柄強いかもね
ドーミーイン経営の共立メンテナンス、ドン・キホーテのパンパシフィックHDなど
あと忘れられがちだけどアメリカは気候変動対策の大規模歳出が可決されてるから
再生可能エネルギー銘柄が強い",0
"献金で政策歪められまくり
日本の信頼失墜されまくり

共　山下氏
「CO2排出量上位50社のうち30社が自民へ献金
政府機関への天下り天上がり

温室効果ガス排出関連団体から献金5年で13億弱

政府の気候変動、エネルギー政策が献金企業から影響を受け、日本がパリ協定と整合する政策と乖離
#政権交代",0
"新冷戦下のエネルギー政策
杉山大志
https://youtu.be/KZmA5QVauX0
ウクライナでの戦争が勃発し、台湾有事のリスクも高まっており、先進国 対 露・中という構図で世界は新冷戦の様相を呈してきました。 
地球温暖化のリスクと安全保障のリスクについて分析し、日本のエネルギー政策について提言します。",0
"「EV少なすぎる日本に不安」　元アイルランド大統領が語る気候変動
https://mainichi.jp/articles/20230516/k00/00m/040/149000c…

「Climate　Justice（気候正義）」を提唱してきた元アイルランド大統領が、日本のエネルギー政策について「正直に言うと心配です」と懸念を示しました。その理由とは…。",0
"地球温暖化？？
人間の活動で出されるＣｏ２は
地球上で自然発生するＣｏ２の３％
こんなことで便利な物を捨てる
バカな話。
再生可能？？エネルギーで
不便になり
電気代高くなり
一部の嘘つきが
ぼろ儲け。",0
"米国の気候特使ジョン・ケリー氏：テクノロジーに頼って二酸化炭素を除去するのは危険。
地球温暖化を止めるために、再生可能エネルギーへの移行などの既存の対策をより迅速に展開する必要がある。
→日本も同様の傾向があるのでは

https://theguardian.com/us-news/2023/apr/25/john-kerry-relying-technology-remove-carbon-dioxide-dangerous…",0
"再生可能エネルギー主力電源化に向けたエネルギー分野に係る調査・検討委託業務報告書. 令和5年度
[東京] : 環境省地球環境局地球温暖化対策課, 2024.3",0
"気候変動を食い止めるべく、世界で再生可能エネルギーの導入が促進されている。日本は、2022年の全発電電力量において、再生可能エネ……

→　日本一の風力発電施設「ウィンドファームつがる」と今後の風力発電",0
{JA-Fighting Stigma} IEEJ - ログイン - 一般財団法人 日本エネルギー経済研究所: エネルギーと環境、および中東の政治経済に関する総合的シンクタンク。エネルギーと地球温暖化問題、エネルギー需給と価格動向、再生可能エネルギー、中東 ... http://dlvr.it/T6zM6k,0
{JA-Fighting Stigma} COP28報告会（発表資料） - 一般財団法人 日本エネルギー経済研究所 - IEEJ: エネルギーと環境、および中東の政治経済に関する総合的シンクタンク。エネルギーと地球温暖化問題、エネルギー需給と価格動向、再生可能エネルギー、中東 ... http://dlvr.it/T0ZXzt,0
"喫緊の課題となっている気候変動問題。

リコーグループは、事業活動で使う全電力を再生可能エネルギー由来とすることを目指す「RE100」に日本企業として初めて参加表明するなど、この問題に先駆的に取り組んできました。

実践内容と成果、成果を開示することの重要性とは？",1
"再生可能エネルギー主力電源化に向けたエネルギー分野に係る調査・検討委託業務基礎資料集. 令和5年度
[東京] : 環境省地球環境局地球温暖化対策課, 2024.3",0
"自然体で体たらくしているからこそ

「昭和のままの日本でいたい」
「未来なんか信じたくない」
「進歩も成長もいらない」
「IT化もDXもいらない」
「EVも生産したくならない」
「再生可能エネルギーもいらない」
「石油と原発が永遠に続く」
「地球温暖化なんか知らない」

貧乏な後進国になるよ～！",0
"パリオリンピックで関心が高まる気候変動対策。Appleが取引先に再生可能エネルギーの100％使用を義務付けたことが判明。NIKKEI GX編集長が日本企業の動向を3分で解説します。ポッドキャスト【日経 #プライムボイス】
https://nikkei.com/article/DGXZQODL27DV70X20C24A6000000/?n_cid=SNSTW005…

@nikkeipodcast",1
"「脱・温暖化！ひろしま２０２４」をオンラインで開催します（令和６年１月１９日）
国際環境経済研究所理事・主席研究員の竹内純子氏による地球温暖化に関する講演「日本のエネルギー政策の現状と課題－カーボンニュートラルに向けて」を行います。
https://city.hiroshima.lg.jp/site/ondanka/360460.html…",0
"地球温暖化による、日本への影響は？

気候変動で、気温上昇や災害発生の他に、健康被害なども予測されています。今年は暖冬と言われていますが、暖かい日が続くことに危機感を覚えます。地球温暖化を抑制するためにも、再生可能エネルギーや脱炭素を推進していきましょう！

#気候変動 
#地球温暖化",0
"地球温暖化の対策の一環として再生可能エネルギーを利用した発電方法に注目が集まっています。

バイオマス発電（生物由来燃料を用いた発電）もそのうちの一つであり、日本だけでなく世界でも導入が進んでいます。",1
昨年発効したEUの再生可能エネルギー指令の改定では森林由来のバイオマス燃料の規制が強化されました。バイオマスの需要拡大が森林破壊の原因になることが危惧されたからです。日本では海外からのバイオマス燃料の輸入が急増しています。気候変動や生物多様性の危機が加速する今問われていることとは？,1
ロシアによるウクライナ侵攻の影響で国際的にエネルギー供給が混乱している。ただ気候変動対策は地球規模の課題で、脱炭素に向けた大きな流れを止めてはならない。日本政府は2050年の温暖化ガス排出実質ゼロに向けたグリーン成長戦略の中で再生可能エネルギーを主力電源とし…,0
"おはようございます。
今朝は稲城駅で市政報告してます。
朝から暑いです。

気候変動から地球環境を守る。
石炭火力から決別。省エネルギーの本格推進・再生可能エネルギーの普及拡大で2030年までにCO2の6割削減を。
などお話ししてます。
#稲城市
#日本共産党",1
ドイツは昨年 #脱原発 を達成し、再生可能エネルギーが電源比率の5割を超えた。日本では独について、ウクライナ戦争等の影響で電力価格が高騰して気候変動政策が失速し #原発回帰 を検討しているといった言説が絶えない。6月に来日したモーガン外務事務次官に実態を聞いた。,0
"地球温暖化対策のため、日本でも政策の方向性を決めようと外務省は2018年に「気候変動に関する有識者会合」を設置。
その会合のメンバー9名のうち3名が自然エネルギー財団のメンバーで、当時外務大臣だった河野氏による説明が現在求められている。
いつから中国が関与していたのか、それが大きな問題。",0
"化石賞は地球温暖化対策に後ろ向きだったり、交渉の進展を妨げたりした国などに贈られる賞。

岸田首相「～～～」
CAN「見せかけの環境配慮に他ならない」

日本は化石燃料～東南アジアで普及させること～を想定しており

「化石燃料から再生可能エネルギーへの移行を遅らせる」と批判した。",0
"脱炭素と経済の循環を生み出す、アメリカの気候変動政策

グリーン産業への投資を促すインフレ抑制法で、再生可能エネルギーや電気自動車、水素などの脱炭素関連に多くの投資が集まっています！アメリカの影響力は大きくなり、日本にもその波がやってくるかも

参考記事はスレッドに",0
"再生エネ「30年までに3倍」 UAEなど誓約、日本も賛同へ調整(毎日新聞)
30日に始まる国連気候変動枠組み条約第28回締約国会議（COP28）で、世界全体の再生可能エネルギー容量を2030年までに3倍にする誓約を表明する石炭火力発電の段階的削減等も誓約に盛り込む
https://news.yahoo.co.jp/articles/ecc67b3340813711951d980ff4993c027fa5b1e5…",1
"【NHK】齋藤経済産業大臣と気候変動対策の専門家が千葉県流山市で対談。シンクタンクの代表、平田仁子さんは中国をはじめ各国が再生可能エネルギーなどの産業の育成を進めている中で日本が世界をリードできるよう後押しする政策が必要だと呼びかけた…

新しい大林ミカか？",0
"脱炭素、地球温暖化、再生可能エネルギー、とかとか
みんな単なる利権で一部界隈が金儲けのために騒いでるって事ですよね

メガソーラーとか風力発電とか、早く規制しないと日本の自然が破壊されまくりです

日本人洗脳されすぎ",0
"日本に「化石賞」 “気候変動対策に消極的” 国際NGOがCOP28で発表 | NHK | 脱炭素社会への動き

「国内だけでなくアジア全体で石炭火力などを延命させ、再生可能エネルギーへの移行を遅らせている」などと批判",0
"再生可能エネルギー？
環境森林税増設？
これの為に？
いい加減さ日本國民も勉強しろよ
レジ袋？紙ストロー？
地球温暖化？SDGs？
ぜーんぶ茶番の嘘っぱちだっての
意識高い系？
踊らされてる系の間違いだろ",0
"３メガ銀、気候変動対応で環境団体に苦慮　株主総会 https://sankei.com/article/20230618-USTI23UWAZOMZPWLIXRKOYLUP4/… 

気候ネットは「国際社会は再生エネルギー関連開発投資に重きを置く。日本のメガバンクも持続可能な、真に『グリーン』なエネルギーシステム構築を目指すべきだ」と指摘する。",1
日本では、一般の人の地球温暖化の認識はかなり低いように見える。ガソリン車は健在だし、街を歩くと電力を使うイルミネーションの嵐、再生可能エネルギーにも反発が強いし。欧米とはだいぶ別世界。,0
"地球温暖化、CO2削減のためという嘘を使い再生可能エネルギー利権が日本の国土を売り渡し環境破壊しまくる。
それが良いことだと信じている無知な国民
2035年までに日本がカーボンニュートラル目標達成しても世界のCO2排出量の0.0006%しか削減できない。",0
"おはようございます。
今朝は稲城駅で市政報告してます。
朝から暑いです。

気候変動から地球環境を守る。
昨年のＣＯＰ２８で日本も含め１１８カ国が誓約した再生可能エネの設備容量３倍化の実現を。政府は省エネと再エネ最優先のエネルギー政策に転換を。などお話ししてます。
#稲城市
#日本共産党",1
"日本は2050年度のCO2排出量を実質ゼロにする数値目標を表明しています。あと26年！今後は、省エネのみならず再エネ(再生可能エネルギー)を取り入れた建築に移行します。
我が家は、今ある太陽熱温水器に加え、太陽光発電(EV車にも)、ペレットストーブ(進化が期待)を視野に長期計画を立てて行きます！",1
"若者たちが左翼化している世界の状況を知らない日本の言論人たちが気の毒ではある…。

再生可能エネルギーの発電量が増えても、化石燃料による発電量は減らず、増えている。
若い世代が割りをくう気候変動への対策には左翼的なアジェンダ、「脱成長」しかないと思うが…",1
"第9回日中韓サミット開催、日中韓FTA交渉加速合意

岸田弱腰政府のFTA合意で、太陽光パネル  風力発電機  EV自動車が、雪崩の如く日本に輸入され中国企業の支援をする事に
さらに日本政府や東京都は、輸入車にも補助金を出す始末

アメリカ・EUは中国製品に関税かけてるのに",0
脱炭素社会の実現に向け、世界各国ともに日本もエネルギー政策の大転換に踏み出そうとしている。太陽光・風力発電など再生可能エネルギーの現状と、導入拡大の展望・見通しについて経済産業省 資源エネルギー庁省エネルギー・新エネルギー部の井上博雄部長に… 続きを読む →,0
"【中国】風力発電機の新設、23年は過去最高に https://nordot.app/1132719157248082468… 
風力発電機（設備容量ベース）が前年比58％増の77.1ギガワットとなり、過去最高になったと発表した。陸上風力発電への中央政府からの補助金が廃止された21年以降で初めて、陸上・洋上ともにプラス成長となった。",0
"再エネが良い、太陽光発電が良い。太陽光をベースロード電源として基幹に繋げ。日本は「化石賞」を恥じろ！
と言ってFITだ再エネ補助金だ言っていた政党、個人、団体。まだまだまだ太陽光パネル設置しないといけないんだが、【それで良いんだね】？クラウドに記録され、いつでも検索されてるよ",0
"日米合同委員会…官僚政治が日本を壊す。
エンジン車全般(特に日本車)が売れているのに電気自動車への補助金支給。
太陽光発電パネル中国メーカー倒産の連鎖なのに変わらず補助金支給。
食料自給率など無視した減反政策による米不足。
JAバンク巨額預金をウォール街へ貢ぐか…",0
小泉純一郎に次ぐ日本売国破壊政治家は菅義偉元総理。2020年10月突然始めたカーボンN宣言？さらにはIR・太陽光※風力発電へのシフト宣言。現実を全く無視した日本産業破壊政策である。これを受け継いだのがC利権まみれの岸田ATM+売電の犬は増税してウクライナ支援にあてる有様。日本やばい！,0
"アメリカもEUも中国の太陽光発電に対して不正競争で対策している。
日本は対策どころかいまだにウェルカム状態・・・

EU、太陽光発電で中国企業調査　政府補助金で競争を阻害か | 2024/4/3 - 共同通信",1
外国の浸透工作を撃退し安心で安全な日本国のための政治をお願いします。直近では再エネ賦課金の大幅値上げについては疑問だらけです。外国を利するための再エネ政策で、国民が余計な負担を強いられ、太陽光発電（風力発電）のための火力発電所の稼働等、一体誰のための再エネ政策なのでしょうか。,0
"風力も太陽光も、エネルギー密度が低いので広大な土地が必要になるし、設備費用や廃棄費用の割りに発電量が少なく、元を取るのが難しい。

日本では高額な再エネ賦課金で辻褄を合わせているが、歪な補助金漬けでは産業として持続可能とは言えない。",1
"日本は、平地面積当たりの太陽光発電導入量では、世界最上位。

https://meti.go.jp/shingikai/sankoshin/green_innovation/green_power/pdf/010_04_00.pdf…",1
"中国の風力発電企業を調査 EU、政府補助金巡り競争阻害か

ＥＵにくらべて日本政府のなんと甘い事！
調査どころか政府が率先して導入を手助けしてる。
そんな腐った議員がごろごろいる！",0
脱炭素社会の実現に向け、世界各国ともに日本もエネルギー政策の大転換に踏み出そうとしている。太陽光・風力発電など再生可能エネルギーの現状と、導入拡大の展望・見通しについて経済産業省 資源エネルギー庁省エネルギー・新エネルギー部の井上博雄部長に… 続きを読む →,0
GXを推進する政策は本当に日本国民を豊かにしているのか？豊かになっているのは利権者だけじゃないか！ヨーロッパの価値観が日本国民を貧困化している一因で、まさに偽善政策。パリ協定を離脱したトランプ大統領の決断は正しかったかもしれない。太陽光や風力発電で国民を豊かに出来ないぞ！,0
"【未来予想図】
各国が風力発電や太陽光発電など再生可能エネルギーの恩恵を受け、安価なエネルギーで順調な経済成長を続ける中、日本のみ大量の原発を抱えてリスク大国に、、、
石原良純のような反知性主義者にエネルギー政策を語らせたらダメ、失われた30年が50年になりますよ！
#モーニングショー",1
九州を含む出力抑制が多いエリアで、FIT太陽光発電所をFIP＋蓄電池併設に切り替えることで、蓄電池の投資が6-8年で回収できるレベルになってるんですね。アグリゲーターの方々から聞いたってことは、実際に現場での実感があるってことですよね。それに加えて、そういう前提の補助金もあるって話。これ,0
"日本でも、太陽光発電・風力発電は、ともにコストは着実に低下。

だが、再エネ買取制度（FIT）による買取価格が2030年代半ば頃まで高止まり続けるため、特に太陽光発電に係る国民負担（再エネ賦課金）の高止まりも解消しない。

https://meti.go.jp/shingikai/sankoshin/sangyo_gijutsu/chikyu_kankyo/ondanka_2050/pdf/001_04_00.pdf…",1
"日本に必要な政策ってこれじゃね？

1.消費税廃止
2.インボイス廃止
3.WHO脱退
4.財務省解体
5.スパイ防止法制定
6.不法移民強制送還
7.太陽光・風力発電廃止
8.国連脱退
9.国内食糧受給率向上支援
10.厚労省解体または改正
11.国内研究開発支援
12.日本の土地売れなくする",1
"記事=原発コストは太陽光発電の何倍？ アメリカの最新試算でわかった驚きの数字 次期基本計画でどうする日本政府

感想

太陽光発電が安いから再エネ賦課金を廃止

畜電池を入れても安い

原発はコスト高だから、新設せずにフェードアウト

原発の補助金、交付金も廃止",0
太陽光発電義務化とか緑色のくせに緑の緑地破壊しようとしたりとか、外国からの起業に補助金とか意味不明なのに政治の中枢にいる。ほんと有権者は日本の破壊政策に気づかずに投票しているのでしょうか？,0
"風力発電や太陽光発電など再生エネルギーをメインに使用すると言っているRapidasとは日本の半導体産業復活の肝いり政策。しかし、高効率の火力発電などを既存の発電施設を新設したほうが良いのでは？

Rapidus設立の本当の狙いはどこにあるのか？ https://youtu.be/GVQsSgMxwD4?si=ViNUmwHEJnMwAKcW… @YouTubeより",0
ハンファ、太陽光発電の日本限定新ブランド　補助金活用も https://kaden.watch.impress.co.jp/docs/news/1580905.html… #ハンファジャパン #ソーラーパネル #太陽光発電,0
風力発電の低周波被害を知って下さい。政府や行政の洗脳政策で、酷い弾圧が行われています。「考える会」などの心理トリックの罠があります。世界では、地域の住民が懸命に風力反対をやっています。日本だけ、それがない。水俣病と同じやり方になっています。,1
再エネ固定価格買取制度では本来、メガソーラーは推進すべきものでは無い、まずは日本では屋根ソーラー（※家庭の屋根だけでなく）を推進して、産業廃棄物処分場跡地などにメガソーラーというシナリオも存在しましたが、あの元総理大臣とあの経営者が乱入したら、真逆に・・・（中央環境審議会資料）,1
"日本が弱くなったのはイルミナティ・サタニストに命令された再エネ戦略を糞真面目にやったからで、CO₂温暖化など戯言なのに石油・ガス・石炭をどんどん燃やして火力発電を行い、太陽光発電や風力発電を止めなかったから。
ﾊﾞｶな固定価格買取制度を設けて電気代を上げ、やらなくていい再エネグリー",0
"先日の #三浦瑠麗 氏の件からも分かるように、再エネは利権の温床になっています。温床となってしまった原因に民主党政権時代に制定された再生可能エネルギー固定価格買取制度にあります。
#再エネ賦課金 は日本国民が支払っている電気代に含まれており、その廃止は必須です。
https://jbpress.ismedia.jp/articles/-/73802…",1
パー券キックバック検証と同様に日本電力インフラ植民地化計画「不良在庫のソーラーパネルは大企業外資が買取る、ソレを地方に置くだけで補助金・再エネ賦課金を日本国民から徴収」も検証して固定価格買取制度廃止してほしいなー,0
日本で再エネの蓄電池のニーズが生まれなかったのはFIT制度で再エネはでなり売電でき需給調整などの必要性がなかったから。蓄電池が担う役目を火力の出力調整、揚水発電、地域間連系などで調整するルールがあった為だったとも言えるのでは。そもそもどこもご当地系新電力が蓄電池つけてないですよね,1
日本版FIT導入前、「再エネで電気代が安くなる」「コーヒー１杯ぐらいの負担で電気が賄える」と言っていた人間が居たが、ペテン師だった。今でも再エネ導入に鼻息を荒くする人間をよく見るが、大抵ペテン師。再エネ賦課金が存在する限り、電気代は右肩上がりに上がり続ける。,1
"科学誌サイエンスの

20年間で
世界で実施された

大きなCO2削減を
もたらした気候政策
の論文

そこに
日本の政策はなく

原発もない

ここに載る
再エネの
固定価格買取制度は

民主党政権が
導入したが

その後の政権の
後押しがおそい

現政権は
国力を語るが

研究力は削ぎ

やるのは
軍拡のみか",1
"結局、固定買取価格とか糞みたいな皮算用制度を導入したせいで、再エネ賦課金で未だに日本国民を苦しめ続ける民主党…。
#悪夢の民主党政権
#再エネ賦課金は民主党のせい",0
"それ、そもそも固定価格買取制度があるからでは？

日本共産党って再エネ普及のために固定価格買取制度そのものには肯定的な立場という印象がありますが、あれこそ国民負担が生じてるのにそこはさほど気にせずにそれですか？",0
"そもそも論ですが、FIT（固定価格買取制度）・FIP（売電価格への上乗せ）制度がなければ普及しない再エネって、地球や人類に良いわけないですよね。
本当に良いモノなら、何もしなくても普及すると思うのです。
喜ぶのは、既得権益受益者だけっしょ。",0
日本の固定価格買取制度（FIT）を悪用したベトナム企業のバイオマス燃料認証偽装問題で、経産省による「過払い金」は年100億～160億円。国民の再エネ賦課金に上乗せ。業界試算（RIEF） | 一般社団法人環境金融研究機構 https://rief-jp.org/ct5/129862,0
"ラピダスは
0.07秒の停電で大損失がでる
【半導体製造電力を再エネで賄う事】に
固執して苦しんでいますね。
FIT制度をごり押しした
孫正義氏率いるソフトバンク参入の弊害です
日本の半導体製造業が
「FITで壊滅した日本の太陽光パネル製造業」の
二の舞にならない事を祈ります
#ラピダス #rapidas",1
"再エネ賦課金と固定価格買取制度の弊害。
計画経済と価格統制が日本経済と緑豊かな大地を破壊している。
#税金下げろ規制をなくせ",1
また逃げそうだが、政治生命を懸けて頑張って主張し続けてほしいものだ。河野氏の大失策で未曾有の被害を日本に与えたFIT再エネの廃止とmRNA製剤大規模接種廃止もやってほしい。こういうパワハラ政治家しかまともなことを言えない自民は早く下野して既得権のしがらみを切ってほしいものだ。,0
この件で自分は河野太郎氏に政治家としての能力が無いことを確信しました。大言壮語を吐く粗製乱造型の参謀達に騙されて非現実的な作戦を実施して多くの兵を無駄死させた旧日本軍の将軍達の亡霊の様な政治家です。FIT再エネで懸念していたことがコロナ対策で実証されました。,1
また逃げそうだが、政治生命を懸けて頑張って主張し続けてほしいものだ。河野氏の大失策で未曾有の被害を日本に与えたFIT再エネの廃止とmRNA製剤大規模接種廃止もやってほしい。こういうパワハラ政治家しかまともなことを言えない自民は早く下野して既得権のしがらみを切ってほしいものだ。,0
この件で自分は河野太郎氏に政治家としての能力が無いことを確信しました。大言壮語を吐く粗製乱造型の参謀達に騙されて非現実的な作戦を実施して多くの兵を無駄死させた旧日本軍の将軍達の亡霊の様な政治家です。FIT再エネで懸念していたことがコロナ対策で実証されました。,1
FIT（再エネ固定価格買取制度）＋付加価値税（消費税）を採用している国の電気料金はバカ高くなっている。ドイツとか北欧とか。日本もそれに向かうのか？どこのどいつが考えた仕組みか知らんけど、多くの世界市民で連帯して　”NO”　を突きつける必要がありそう。,0
"■国民負担の省エネ賦課金っておかしいワ

再生可能エネルギー発電促進賦課金
再エネの固定価格買取制度

おかしい
事業者に固定資産税を課すのが普通

電気料金の一部を電気を使用になる客に負担

発電した電気を事業者に支払う原資を国民から一律に徴収

国会議員と官僚と業者の癒着",1
日本版FITを導入しようとした時、多くのペテン師が「少し電気代が高くなっても再エネで雇用が増える！」と言っていたが、出てきたのは大量のペテン師と消費税よりも高い電気代、自然破壊だった。騙された国民がアホである。,1
"太陽光パネル、メガソーラーパネル
日本の電力会社が、固定価格買取制度で推進して
再エネ賦課金という国民の電気代に
上乗せしたお金を、中国政府系事業者に渡します

阿蘇山脈や釧路湿原など、大自然を破壊し
有害パネルを敷いて、定期メンテなどしません
敷くだけ敷き、お金を貰えば放置です",0
"再エネを増やすと電気代が増える、という「現時点での」誤解についての反論。

再エネのせいで再エネ賦課金がかかるというが、問題は日本の固定買取制度は発電開始から20年買取価格固定という点。",0
"日本でも、太陽光発電・風力発電は、ともにコストは着実に低下。

だが、再エネ買取制度（FIT）による買取価格が2030年代半ば頃まで高止まり続けるため、特に太陽光発電に係る国民負担（再エネ賦課金）の高止まりも解消しない。

https://meti.go.jp/shingikai/sankoshin/sangyo_gijutsu/chikyu_kankyo/ondanka_2050/pdf/001_04_00.pdf…",1
"#再エネ #風力発電 #太陽光発電
https://x.com/umi51771815/status/1718153135590715717?s=20…
から続く

自然破壊
ウイグル強制労働
日本
民主党政権 菅2010.6.8- 2011.9.2
2011.8再エネ促進法成立
・固定価格買取制度(FIT) 国民に賦課金
40円/kW時(原発の4倍)→新規12円(20年～)
孫正義氏:40円以上(欧州20円)
・売電権転売可
・非建築物",0
日本が2012年に導入した固定価格買取制度による買い取り総額は2016年が2.3兆円，2030年までの累積総額は約59兆円。再エネ賦課金は2016年で1.8兆円，2030年までの累積総額が約44兆円。この合理性の乏しい制度を導入したドイツに続いているのは日本，台湾，韓国ぐらい。日本も一刻も早く廃止すべきです。,1
海外事業家が日本の売りである自然豊かな山や湿地をソーラーパネルで埋め尽くし（電力の固定価格買取制度目当て？）ゲリラ豪雨で土砂災害、住民被災・再エネ賦課金で電気代上がって国民の負担増えてるんですが、さらにAIでCO2も増やして森削るんか？アホなの？？シムシティとかCitiesSkylineちゃうぞ,1
FITやFIPが中心の日本で、マイナス価格を導入しようと思えば、守銭奴の再エネ事業者がカネを払うはずはなく、送配電会社が負担＝託送料金に転嫁という形になるだろう。再エネ大量導入すれば天井なしで電気代は上がり続ける。再エネ事業者は濡れ手で粟。これぞ政治家とグルになった再エネ利権。,1
"2012年の再エネ買取制度（FIT）開始により、太陽光発電導入量は急拡大。

日本は、平地面積当たりの導入量が主要国で最大級。

一方で、この導入拡大に伴い、様々な地域との共生上の課題も生じている状況。

https://meti.go.jp/shingikai/sankoshin/green_innovation/green_power/pdf/010_04_00.pdf…",1
【ch桜北海道】再エネの闇（再エネ利権、再エネ賦課金、FIT・FIP）を徹底解説！[R5/2/7] https://samurai64.blog.fc2.com/blog-entry-33579.html…,0
『再エネFITは民主党政権の生んだ詐欺と腐敗の温床』これでいいのか？戦後日本「より良き日本を..｜https://samurai-nippon.blog.ss-blog.jp/2023-02-03-26,0
"再エネ賦課金制度と固定価格買取制度がないと成立しない発電方法は、環境にも経済にも悪い技術です。

日本政府は自由市場を歪めるな！

#税金下げろ規制をなくせ",0
"日本の追い抜かされ方が痛過ぎ…

国策で国産体制を整える必要あり。

https://nikkei.com/article/DGXZQOUC1884N0Y3A410C2000000/…
蓄電池が世界で普及期 5年で10倍、再エネ拡大と歩調
再エネ主力電源化に蓄電池は欠かせない。日本は15年まで世界最大だったが、商用化で出遅れ。日本の再エネはFITで普及し蓄電池需要が伸びなかった…",1
"地震と原発事故でパニック状態の最中に”再エネで復興”と声をあげ｢固定価格買取制度｣を提案した孫正義。それを菅直人首相が導入して、賦課金という重しを課せられ続ける日本
こっちの方が大きな汚点だ

「私の人生の汚点だ」孫正義氏が大失敗
WeWork破綻で語った",0
"環境問題への対策として、日本全体で再エネ発電普及を目指しています

FIT・固定価格買取制度の仕組みとメリットをわかりやすく解説
https://earthene.com/media/155
そもそもFIT・固定価格買取制度とは？
メリットをご紹介！
必要な手続き
#発電 #再エネ #脱炭素",0
サンシャイン計画ですね。当時から比べて太陽光パネルが飛躍的に発展したわけではありません。日本版FITは強欲に塗れた政治家がこうした経緯を忘れた日本人を騙して導入したものですね。与党も野党も再エネに絡んだ政治家はクソですよ。,1
"洋上風力汚職、業界団体経由「海外では設備を撤去するより残置することが通例。日本でも残置の考え方を明確化していただきたい」 https://yomiuri.co.jp/national/20230916-OYT1T50343/…
FITやFIPで儲ける事業期間20年の経過後に残置って、これ、再エネで一番やってほしくないこと。
トイレなき何とかで、こんな主張は許せない。",1
"日本の「土地生産性」は世界一だから、土地を浪費する産業は育たない。すでに日本の平地面積あたり再エネ発電量は世界一で、FITの新規認定は止まっている。
農業が衰退したのと同じ理由で、FITが終わったらメガソーラーは消えるだろう。",1
">反原発・再エネ導入を絶対善とするテレビの大衆操作によって原発停止とFIT制度が実現される中（中略）日本の世論は電力自由化と発送電分離を熱烈に支持しました。結果として、国民は多くの富を失うと同時に…

同じ轍を踏んでは駄目で、メディアや有名人の扇動に今こそ注意。",1
"日本を破壊する53制度

・憲法9条と自衛隊法ポジティブリスト
・財政法 第4条 第1項
・関税定率法と特殊関税制度
・FIT制度と再エネ賦課金
・GATS協定
・出入国管理及び難民認定法
・LGBT理解増進法
・放送法
・特定非営利活動促進法（NPO法）",1
">公共奉仕への意識…

日本のインフラの素晴らしさはここにある。その部分の制度的公正性合理性がないまま、電力自由化は進められた。
参入のハードルが低い上に、法外なFITによる再エネ利権と世界的脱炭素への流れで、その弊害は一般国民の目にも明らか。システム改革の見直しは喫緊の問題だと思う。",0
"化石資源は元よりないが、日本には再エネの適地も本当に少ない。それでもやらなくてはいけないなら、高額FITと野放図なメガソーラーを入れたのは大失敗だったのでは？
もっと言うなら自由化も発送電分離も。",0
"「入札ルールの再見直し」ではなく制度の改廃を

国民から搾取するな
ＦＩＴ法廃止
再エネ議連解散
原子力発電積極推進

温暖化問題を煽動した謎の人物
https://youtube.com/watch?v=bWiMeoCH_yU…
SDGsに洗脳｜地球温暖化の嘘
https://youtube.com/watch?v=t6AMjgYPGp8…
https://youtube.com/watch?v=cwKZeYwu-wA…

 https://msn.com/ja-jp/money/other/%E5%BA%B6%E6%B0%91%E3%81%AB%E9%AB%98%E3%81%84%E9%9B%BB%E6%B0%97%E6%96%99%E9%87%91%E3%81%AE%E6%94%AF%E6%89%95%E3%81%84%E3%82%92%E7%B6%99%E7%B6%9A%E3%81%95%E3%81%9B%E3%81%8B%E3%81%AD%E3%81%AA%E3%81%84%E7%A7%8B%E6%9C%AC%E8%AD%B0%E5%93%A1%E3%81%AE-%E5%A4%A7%E7%BD%AA-%E3%81%AE%E8%A7%A3%E6%98%8E%E3%81%A8%E4%BB%8A%E3%81%93%E3%81%9D%E5%BF%85%E8%A6%81%E3%81%AA-%E5%85%A5%E6%9C%AD%E3%83%AB%E3%83%BC%E3%83%AB%E3%81%AE%E5%86%8D%E8%A6%8B%E7%9B%B4%E3%81%97/ar-AA1gzhP0?ocid=socialshare&cvid=43ac46d186af4d2b9503f8230795e3d8&ei=28…",0
"原発を再稼働するだけなら、311以前に日本で利用していた量と同じだけのウランしか必要としないのだが、何故、日本が原発を再稼働するだけでウラン価格が高騰するのか、全く理解に苦しむ(苦笑)。
再エネが安くて、蓄電池を付ければ火力や原子力の様に24時間利用可能なら、FITやFIPを止めて欲しい(苦笑)",0
"これからそんなに再エネ賦課金は伸びないと思うけど。
だってFITほぼ終わってるから。

そしてそこからは安価でクリーンなエネルギー源が日本に残るわけだよ。

再エネ賦課金が上がってるって言うけど、電力会社の電気代もかなり上げたじゃん(笑)",0
"電気代高騰の要因でもある固定価格買取制度（FIT）を定めた再エネ特措法を推進、制定したのは菅直人元首相とソフトバンクの孫正義氏。日本は欧州諸国と比べ、3倍以上の買取価格を設定したので、投資対象として外資の参入が相次いだ。
※現在はFIT制度からFIP制度に移行
#再エネ賦課金",1
"再生可能エネルギー　その2

では今日本でやってる
再生可能エネルギー事業
・太陽光
・風力
・水力
・バイオマス
なんかは
FIT制度って言って
国主導で
電力会社に買い取らせる
言わば
投資ビジネスだ
最悪なのは
「再エネ賦課金」
と言って
電気料に変化して
国民が負担してるの
知ってるかな",1
"再エネ(電力)が75%。まだ8日とはいえこれだけ出来高があるとなると、FIT非化石証書よりJクレ再エネを買うニーズがあるのかと…とやはり考えてしまう

カーボン・クレジット市場の累計売買高が１万トンを超えました | 日本取引所グループ",1
"＞これ（再エネ賦課金をやめる）が一番簡単じゃないですか
どこがだよ。
再エネ賦課金をやめるためにはFITを全部やめなきゃならない。日本にあるメガソーラー9,000基、その他小水力、風力、バイオマス、個人宅での太陽光まで含めて何万件ある？
未曽有の集団訴訟になるぞ。",0
"職業柄個別株は買えないのだけども、久々に個別株でもReviewしてみようと。

早速、、
再エネ関連が全滅しててヤバいですね。。
FITも条件がどんどん悪くなり、全体的に採算が悪化してきてんのよね。
脱炭素の流れとかあるけど、ここに上げてるような再エネ関連には期待できないかもしれん。",0
"FIT制度
日本国民から強制徴収されて再エネ業者に流れる
再エネ業者の多くは中国系企業
売国的政策
 #あさ8",0
再エネの問題はコストではない。日本の再エネはFIT新規認定がなくなり、もう供給が止まったのだ。平地が狭く、適地にはソーラーパネルを敷き詰めたから、すでに面積あたり再エネ発電量は世界一。それでも電力の10％に満たない。,1
"日本がいつのまにかこんな状態。今後は風力発電も

政府が再エネ、カーボンニュートラル、脱炭素、グリーン政策、GXという名で推し進めている。

下の固定価格買取制度（FIT）制度のせい

後に太陽光パネルはゴミになり、リサイクルに凄い費用がかかるらしい。これも税負担？

https://nishinippon.co.jp/item/n/1065445/",0
"原子力、化石燃料、水力その他再エネ各々の電気の最終消費段階までのコストは、日本の場合、原子力が最安値。

再エネは、FITに因り非常に高く、天候変動なのでそもそも原子力・化石燃料とは比較にならない。

https://mainichi.jp/premier/business/articles/20230629/biz/00m/020/005000c…
「原発をやめれば電気料金は下がるのではないか」と株主指摘…",1
"カーボン•クレジット市場の初日終了。総売買高は3689t-CO2で、うち再エネ電力が3562t-CO2。
所感は、やっぱりFIT証書があってもなおJクレ再エネ電力にニーズあるんだな…って

カーボン・クレジット市場の市場開設日の売買状況について | 日本取引所グループ",1
"再エネ維持の費用が相当額発生するか、卒FIT再エネを放置し日本は先進国で唯一再エネ比率が低下することにならないか？

なると思います。",0
"カリフォルニアでは蓄電コストを州（ISO）が負担し、それをすべての消費者の託送料金に乗せたので、電気代がバカ高くなった。
日本ではそういうコストをエネ庁が発電側課金で新電力に負担させようとしたが、再エネTFが反対し、既存FIT業者は除外された。再エネTFと自然エネ財団は消費者の敵だ。",1
"・再エネ賦課金
・太陽光の補助金
・FIT（固定価格買取制度）

なんか少し引いた目でみると、日本政府が中国政府に金と土地を献上するシステムのように思えてくる。

日本に乱立する太陽光、裏で誰が得してる？

日本の不動産と金の流れが、どこからどこに流れたのかを可視化すれば一目瞭然か？",0
"日本がいつのまにかこんな状態。今後は風力発電も

政府が再エネ、カーボンニュートラル、脱炭素、グリーン政策、GXという名で推し進めている。

下の固定価格買取制度（FIT）制度のせい

後に太陽光パネルはゴミになり、リサイクルに凄い費用がかかるらしい。これも税負担？

https://nishinippon.co.jp/item/n/1065445/",0
【#ソーラーシェアリング】岸田総理は日本の再エネ適地は限られていると発言していますが、本当でしょうか？ソーラーシェアリングのFIT価格を上げて、自然破壊に繋がる大規模野立てをソーラーシェアリングに政策誘導すべきと国会でも取り上げてきました。,1
"それでしたら日本の宝の自然遺産を破壊してまでソーラーパネルを全国に設置して売電し「再エネ賦課金」でボロ儲けしている売国奴達のことをなぜメディアは全然取り上げない？忖度？

再エネ賦課金と美辞麗句を羅列しているがこれは詐欺です。

これはFIT可決直後の放送。",1
日本の産業を毀損しているFIT再エネはもう日本国民からは見放されたと思う。それに気付かない再エネ議連の議員達も見放されているだろう。問題は再エネ議連の所属議員が分からないこと。有権者は自公の議員全員が再エネ議連だと認識する必要がある。FIT再エネ制度を始めた議員が多い立民も同様だろう。,1
"リレーのお願いです
#あさ8 放送禁止。でも書かれていたが上海電力始め外資も日本でウイグルジェノサイド太陽光パネルを使って発電。固定価格買取制度、再エネ賦課金で楽して稼ぐ。自民党公明党日本維新の会等の罪は重い

#メガソーラー建設反対 
#風力発電反対 
#再エネ賦課金反対",0
"このFIT ID が諸悪の根源
実は「日本の国土問題」なのに
再エネという名で土地利用が緩く
一度認定されたら取消も困難
転売も可能で次々事業者が変わり外資になっても法的規制がないのです
#太陽光パネル義務化反対 
#メガソーラー建設反対 
@myamaguchi15",1
"そんなことよりFIT（固定買取制度）を総理時代に推進して「1ヶ月コーヒー 1 杯の負担で安心安全が手に入る」と説明して可決させ国民に44兆円負担させましたが今はいくらですか？

電気代（再エネ賦課金）からピンハネするために日本の自然や景観、生き物まで破壊されています。

責任は菅さんです。",1
"それでしたら日本の宝の自然遺産を破壊してまでソーラーパネルを全国に設置して売電し「再エネ賦課金」でボロ儲けしている売国奴達のことをなぜメディアは全然取り上げない？忖度？

再エネ賦課金と美辞麗句を羅列しているがこれは詐欺です。

これはFIT可決直後の放送。",1
"そんなことよりFIT（固定買取制度）を総理時代に推進して「1ヶ月コーヒー 1 杯の負担で安心安全が手に入る」と説明して可決させ国民に44兆円負担させましたが今はいくらですか？

電気代（再エネ賦課金）からピンハネするために日本の自然や景観、生き物まで破壊されています。

責任は菅さんです。",1
"反原発はもはやカルト宗教です。教義のためなら風評も肯定します。彼らとその信者は、不合理な原発停止とFITにより、日本国民に対して少なくとも数十兆円にも及ぶ莫大な被害を等しく与えてきました。「原発ゼロ・再エネ100の会」のようなカルト教団にこそ解散命令が妥当です
https://news.yahoo.co.jp/articles/7b0a6fe411c7d1c843ce16dff840c3b4a69918f7…",1
"日本の世界自然遺産が壊されたり中国に電気をコントロールされたりマジでソーラーパネルは要らない。

そもそもこの男がFIT（固定買取）を孫さんと制度化しなければ国民は44兆円負担せず電気代も高騰していない。

電気の請求書にある「再エネ賦課金」とは菅・孫の負の遺産で見るたびに顔が浮かぶ。",1
この明白な失政（電力業界が抱えているリスクの性質を政治かも官僚もまるで理解していない）がフラジリスタ集団のFIT再エネ議連と無誤謬性に囚われた経産省の官僚の共同作業で進んで行く。自公政権のやっていることは日本社会貧困化政策ばかりだ。いつになったら国民は気付くのだろうか？,0
"これ国民は完全に嵌められました。

2012年FIT（固定買取制度）は40円でしたが現在10円。

それなのに法改正が行われて既得権益者は40円のまま国民負担で売電出来ます。

釧路湿原・長崎と工事が進められていますが国民負担（再エネ賦課金）です。

釧路湿原なんて日本の宝が破壊されています。",1
来月から着工される日本最大規模のメガソーラーパネルは現在FIT（固定価格買取制度）が10円なのに法改正が行われて事業者は2012年の40円のままで国民負担で売電できるっておかしい。2030年までに44兆円の再エネ賦課金を負担させられていることを知らない国民も多い。,1
日本は既に「平地面積当たりの太陽光発電導入量」で圧倒的世界1位｡緑を潰して広がる一方の太陽光パネル｡日照時間が少なく､しかも冬は雪に閉ざされる北海道でも､FIT(固定価格買取制度)の恩恵を得ようと知床半島や釧路湿原にまで“侵略”は進む｡心ある国民は再エネ議連の当選を阻止しなければならない,1
4月からの再エネ賦課金upで標準世帯の年間負担額は約1万円増｡事実上の増税である｡ついては菅直人氏&孫正義氏2人のこの映像を見てほしい｡彼らが導入したFIT(固定買取制度)で国民は44兆円もの負担をさせられ､緑は潰され､日本の自然が破壊され続ける｡一刻も早く政治を変えなければ日本が終わる所以,1
これで河野総裁に一歩近付いたと思う。河野氏が総裁になり総理になったらマスコミは手のひらを返して、FIT再エネや新型コロナ対策で数百兆円に及ぶ経済被害を日本にもたらした政治手腕を酷評し始めるだろう。有権者の怒りに火が付いたら自公は崩壊するかもしれないし、無いも起きないのかも知れない。,1
玉木さんが訴えているこの再エネ賦課金はそもそも2011年にソフトバンクの孫さんが20円だったドイツの太陽光の買取価格を国会で65円だとウソの説明をして日本も40円でFIT（固定買取制度）がスタートした事で国民は再エネ賦課金として44兆円を負担。更にその後「再エネ特措法」が改正された事で来月から,1
自公政権が日本貧困化政策を続ける限り、自民党の議員は落選して消えてゆくだろう。法の不遡及の原則を破って原発廃止を強行している役所の暴走を止めるのが正しい政治家の役割だ。FIT再エネで血税の甘い汁を吸っている内にそんなことも分からない頭の弱い政治家ばかりになったか？,0
その狂気の政治家である河野太郎が日本人には人気者で首相候補。原発停止やFIT再エネやmRNA製剤大規模接種で亡国規模の大失策を主導しても未だに国民は河野太郎を溺愛している。もうつける薬がないほど愚かな国民だと思う。愚か者は罰金が課されるのがこの世界の有り様なので、日本の貧困化は当然だ。,1
"> 2011年の孫正義氏のプレゼン。「ドイツは65円/kWhでFITを成功させた」といって、日本でも40円以上の買取価格を求めた。当時のドイツの買取価格は20円だったのだが。

え？じゃあ孫さんが嘘をついてプレゼンして40円となり国民は再エネ賦課金の44兆円を負担させられ全国にパネルが造られたんですか？",1
"> 2011年の孫正義氏のプレゼン。「ドイツは65円/kWhでFITを成功させた」といって、日本でも40円以上の買取価格を求めた。当時のドイツの買取価格は20円だったのだが。

え？じゃあ孫さんが嘘をついてプレゼンして40円となり国民は再エネ賦課金の44兆円を負担させられ全国にパネルが造られたんですか？",1
そしてこのメガソーラーが将来危険なゴミとなる。その時には日本政府に処理する余裕も無くなるので放置しか無いだろう。FIT再エネ政策を放置した我々現生日本人は将来世代から恨まれ続けることになる。,1
この「何かを押し付けてくる方にコストを支払わせる（身銭を切らせる）」は非常に重要な考え方で、日本社会はまだこの考え方に到達していない。故にFIT再エネや無料ワクチンなどを含めてフラジリスタ的な仕組みに溢れている。自分はタレブ（https://ja.wikipedia.org/wiki/%E3%83%8A%E3%82%B7%E3%83%A0%E3%83%BB%E3%83%8B%E3%82%B3%E3%83%A9%E3%82%B9%E3%83%BB%E3%82%BF%E3%83%AC%E3%83%96…）の著書からこの考えを学んだ。,1
"ニュース速報

旅行したい国の一つポルトガル

ポルトがるの5 月は再エネが95% を賄いました

は2019年再エネ比率37%から2024年は92%に増加させています

たった5年間で急速な脱炭素化

日本

自民党に原発村からたった5年間で70億バラ撒かれました

自民党と原発村は一体

結果再エネは進まない",1
"https://n.bme.jp/68/314/23350/135875…
「データセンターを建設しようとしているGAFAM（米主要IT企業）は『脱炭素』を進めており
「データセンターをつくる際、『再エネ電源があるか』が重要になってくる。GAFAMは取引先にも脱炭素を求めており、日本企業が焦り始めています」（古賀茂明氏）
 #河野太郎 #原子力",0
アホ政治家共！しょうもない脱炭素や､再エネやとかに金使わせて､本来生産や設備投資に回す金を削り自分の首を絞めて来たツケがこれや。日本を潰す気か自民党！クソ政府,0
"再エネ賦課金は取るわ
今度は発電所の建設費？
国民バカにしてるだろ！
原発動かして太陽光パネル辞めろ！バカ！日本の政治家って本当にバカ！

【原発など新たな""脱炭素#発電所の建設費、電気料金に上乗せ検討。経産省】",1
"【日本にいらないもの】・岸田文雄・上川陽子・武見敬三・日本医師会・デマ太郎・マスゴミ・こども家庭庁・厚労省・mRNAワクチン・日本版CDC・SDGs・LGBTQ法・脱炭素・ゲノム編集食品・昆虫食・マイナカード・緊急事態条項・再エネ賦課金・太陽光発電　他には？
https://newssharing.net/nihonniiranaimono…

via mooncave",1
"日本を守りたい皆さん、おはようございます

恐怖の予想
スンズローが総理になったら「再エネ爆推し」になる
親分の菅氏は脱炭素論者
奥様の滝クリは太陽光事業者と深く連携
当然メガソーラーは増え再エネ賦課金も増える

恐怖の未来が来ない事を祈りつつ、
今日も元気にがんばりましょう！",0
"【脱炭素電源（原子力・再エネ）の立地状況】

日本では、例えば、洋上風力は風況に左右され、再エネ供給適地が偏在しているなど、脱炭素エネルギーの供給拠点には地域偏在性あり。 

再エネや原子力など脱炭素電源比率が４割を超えるのは北海道・関西・九州のみ。

https://meti.go.jp/shingikai/sankoshin/sangyo_gijutsu/chikyu_kankyo/ondanka_2050/pdf/001_04_00.pdf…",1
"今日の #しんぶん赤旗 中の人関心記事

 裏金未解明　予算案採決強行
自民混迷　幕引きは失敗
(1面)

 参院選に裏金疑惑　究明必要
遅れる被災者支援「国が総力を」
(1面)

 原発より再エネ普及
脱炭素へ吉良議員参考人質疑
(4面)",1
"アホな進次郎を使って、脱炭素46%を推し進めやがって
世界一のトヨタ自動車の足（日本自動車工業会全社）を無理矢理EV推進し、中小企業まで混乱させやがったのが菅義偉。
その上、河野太郎は図に乗って、毒された再エネ議連。
馬鹿を産み出す菅義偉。
是からは、
脱「脱炭素」",0
"日本にいらないもの
・岸田
・上川
・武見
・医師会
・デマ太郎
・マスゴミ
・こども家庭庁
・厚労省
・mRNAワクチン
・日本版CDC
・新型インフル行動計画
・SDGs
・LGBTQ
・脱炭素
・GX
・ゲノム編集食品
・昆虫食
・マイナカード
・緊急事態条項
・インボイス
・再エネ賦課金
・太陽光発電",1
【日本にいらないもの】・岸田文雄・上川陽子・武見敬三・日本医師会・デマ太郎・マスゴミ・こども家庭庁・厚労省・mRNAワクチン・日本版CDC・新型インフル行動計画・SDGs・LGBTQ法・脱炭素・GX・ゲノム編集食品・昆虫食・マイナカード・緊急事態条項・インボイス・再エネ賦課金・太陽光発電,1
"日本を経済的に疲弊破壊し
企業や人を全て外国に支配させるための政策が
脱炭素や再エネ推進
脱炭素も環境問題も全て嘘
再エネは電力供給を不安定化し、日本の高い供給能力を破壊し
外国に日本を安売りするための手法",0
"日本を経済的に疲弊破壊し
企業や人を全て外国に支配させるための政策が
脱炭素や再エネ推進
脱炭素も環境問題も全て嘘
再エネは電力供給を不安定化し、日本の高い供給能力を破壊し
外国に日本を安売りするための手法",0
"国民を犠牲にしてまで利権にはしる再エネ政策

【杉山大志　再エネ利権を一掃せよ】日本を滅ぼすエネルギー政策　抵抗していた経産省こそが強力な「脱炭素利権」に　中国に利するだけの政治が変わるしかない https://zakzak.co.jp/article/20240807-OLVIQDXVQBNOJML6UAI6H2EATU/… @zakdeskから",0
"日本を経済的に疲弊破壊し
企業や人を全て外国に支配させるための政策が
脱炭素や再エネ推進
脱炭素も環境問題も全て嘘
再エネは電力供給を不安定化し、日本の高い供給能力を破壊し
外国に日本を安売りするための手法",0
"日本を守りたい皆さん、おはようございます 

再エネ、脱炭素、SDG’ｓ、移民受入れ、メディアはなぜ左傾化するのか？
優しい日本人が「メディアの偽善」に共感するのは無理もないことかもしれない
でも本当にそうすべきなの？？？
目を覚まそう日本人！

 の日曜日、ゆっくりお過ごしください",0
世界中で脱炭素を唱えながら、実際のところ炭素濃度は下がっていないという現実があります。それは日本をはじめとした各国の企業倫理や資本主義が方向転換できないからです。さくらさんたちの活動、車のEV化が再エネ発電や蓄電池の開発によって脱炭素に貢献することの意義は大きい。,0
"独り言。

再エネ。
メガソーラー。
脱炭素。

コレらを有無も言わさず
推し進めるのか。

それは
支那の売れ残りパネル購入。
支那に欧米の電力会社参入。
トヨタ始め日本車潰し。

金と利権に狂った国会議員達の小遣い稼ぎ。

国を切り売りする売国議員は落とそうよ。

#売国議員は選挙で落とそう",0
"【脱原発~脱炭素~再エネ】日中の太陽光発電で海水を山上へ揚水,夜間に海へ放流する水力発電や風力発電などの再エネ~そして蓄電池への充電こそ人類の叡智なりや。[福一]を見るまでもなく,地震大国の日本で原発は禁忌。[原子力ムラ]は,原発発出のプルトニュウムを核兵器に使う為に原発に拘っているのか？",0
"日本を経済的に疲弊破壊し
企業や人を全て外国に支配させるための政策が
脱炭素や再エネ推進
脱炭素も環境問題も全て嘘
再エネは電力供給を不安定化し、日本の高い供給能力を破壊し
外国に日本を安売りするための手法",0
"2024.3.22　河野デジタル大臣

「再エネ最優先の原則の下、太陽光発電の導入をもう一度加速させるために〜」

https://youtu.be/DqwHZWj5WIw?si=YSWo7bRrP9nV3xx1…

JPモルガン、ステート・ストリート、ブラックロック、バンガードなどが気候変動対策、脱炭素関連の投資から撤退してるのに日本はいつまで続けるんだろうな",1
"日本を経済的に疲弊破壊し
企業や人を全て外国に支配させるための政策が
脱炭素や再エネ推進
脱炭素も環境問題も全て嘘
再エネは電力供給を不安定化し、日本の高い供給能力を破壊し
外国に日本を安売りするための手法",0
"再エネ賦課金が海外製太陽光装置に使われ、日本の産業育成に繋がっていないという指摘は反省すべき点。

2040年度のエネルギー計画(上)　脱炭素投資にコスト意識を　大橋弘・東京大学教授 - 日本経済新聞",0
"再エネや蓄電に補助金を突っ込んで安く見せても、最後は財政赤字で首が回らなくなる。
特に日本は社会保障支出が毎年3兆円以上増えるので、脱炭素化のような慈善事業に使う金はない。",1
"再エネ拡大へ｢英国式切り札｣　新公社で探る脱炭素の針路 - 日本経済新聞 https://nikkei.com/article/DGXZQOGR18CUU0Y4A910C2000000/…
""日本を含む「再エネ途上国」""とありますが、一体どのような根拠でこのコメントを入れられたのでしょうか。
このような印象論に基づいた文言は記事に対する信用度を下げ、感情論に基づいた",1
"再エネ拡大へ｢英国式切り札｣　新公社で探る脱炭素の針路 - 日本経済新聞 https://nikkei.com/article/DGXZQOGR18CUU0Y4A910C2000000/…
""日本を含む「再エネ途上国」""とありますが、一体どのような根拠でこのコメントを入れられたのでしょうか。
このような印象論に基づいた文言は記事に対する信用度を下げ、感情論に基づいた",1
"全国の主要都市は”ゼロカーボンシティ宣言”をやっている
唯一これに引きずられてない都市が名古屋
本当に市民のためになるのかと熟慮し立ち止まっている
脱炭素はマネーゲームの道具
欧米では揺り戻しが来ているのに日本だけが再エネをさらに増やそうとしている
#日本保守党
 https://youtube.com/@hosyutou-ouen",1
ふーむ、「再生可能エネルギーで、エネルギー自給とエネルギー安全保障と脱炭素が向上」ねえ。んな訳ねーだろ、再エネ生み出す装置には日本にゃねー鉱物がいるし太陽光パネル作るためにバリバリ火力発電製電気使ってるじゃんか。これが論文ってマ？,0
"【小林鷹之氏のエネルギー政策】
日本の産業競争力を失う形のカーボンニュートラルは違う。
エネルギー基本計画を変える。再エネ優先よりバランス重視。
太陽光はもういい。サプライチェーンの観点から問題、やるほど中国に依存。
正論太陽光はエネルギーを中国に依存する蟻地獄だ。44:20",0
AI時代に電力需要が爆増することを見越して日本のエネルギー自給率を大幅に高めようとする高市氏。自民党議員は脱炭素、再エネしか能のない候補者ではなく、高市氏に票を投じるべきだ。,1
欧米の極右化で、脱炭素バブルは崩壊するかな？日本は電力システム改革と再エネ主力電源化で電力コストが跳ね上がり、国内産業は一気に衰退するだろう。,0
"独り言。

LGBTだろうが
Qだろうが
再エネだろうが
脱炭素だろうが
戦争反対だろうが
持続可能性何ちゃらだろうが

個人でやってろよ。
一般庶民を巻き込むんぢゃ無いよ。
日本国民を巻き込むなよ。
他人に迷惑かけてまで己の我を押し通すなよって話しよ。

他人に迷惑かけるなって事。",1
"メガソーラーを止めましょう。
止めれば日本が回復する事が物凄く多くある。
環境系だと脱炭素カーボンニュートラルSDGs再生可能エネルギー再エネ賦課金森林環境税などなど。
キレイゴトを言って金儲けしか考えていない汚い政治家や汚い一般人が多過ぎる。",0
"日本だけ脱炭素に縛られ再エネ、再エネと馬鹿正直に突き進む
ウクライナと中東で戦争が勃発
台湾有事のリスクが高まる中
ウクライナの復興や中東への支援など国民の税金はどんどん海外で使われる
高い電気代で国民と企業を苦しめながらいつまで続けるのか　
#再エネ賦課金反対",0
"そりゃ義務的な排出量取引じゃないとダメに決まっているでしょう日本は気候変動対策の規制が緩すぎる。
安値続く脱炭素「証書」　緩い規制、再エネに風吹かず - 日本経済新聞",0
"年収400万円を超えたら「中の上」…「稼ぐも地獄、稼げずも地獄」日本の現実(THE GOLD ONLINE（ゴールドオンライン）)
https://news.yahoo.co.jp/articles/bb6d4e46308978971fe35f61eff62394a61c16d8?source=sns&dv=sp&mid=other&date=20240829&ctg=bus&bt=tw_up…
自民党政治家と事業者がグルになって再エネや脱炭素で国民負担はさらに増えるからな。今の状況で生活が苦しい人間は首を括らなければいけなくなる。",0
"GoogleがオフサイトPPAで再エネ調達へ、再エネ賦課金に頼らないPPAの需要が一段と盛り上がりそうですね
Google、日本で再生可能エネルギー直接調達　データセンターを脱炭素 - 日本経済新聞",0
"再エネ賦課金で国民負担が増すだけの脱炭素化に移民受け入れ推進www
自民党ってマジで日本の敵でしかねえよなwwww

【動画】北海道と札幌市を国家戦略特区に指定　脱炭素化に向け規制緩和や外国人投資家向け在留資格創設など https://japannewsnavi.com/1234yg67ghioip/ @より",1
"もっと再エネ電気の価値が高まるべき。
カーボンニュートラルを目指す企業は今からやるべき。早いもの勝ちだと思うよ。

Google､日本で再エネ直接調達　データセンターを脱炭素：日本経済新聞",0
日本郵政まで脱炭素だのカーボンニュートラルだの再エネだの言ってるけどそんな欺瞞をやってる余裕あんのかよ？,0
"・電力はラオスの最大の輸出品、総輸出額の3割。電源7割超が水力＝再エネ大国「東南アジアのバッテリー」
・ASEANでラオス電力奪い合いの一方、全土送電網を事実上中国企業に売却

東南アジア揺らす脱炭素　浸透する中国、日本の打ち手は：日本経済新聞",0
"今週9月7日(土)あさ7時
#石川和男の危機のカナリア
再エネ普及 2030年は「赤点」

カナリアのさえずりが止む時…
▼日本の再生可能エネルギーの普及率。2030年は30％に届かず
▼目標は36～38％。このままでは「赤点・落第」
▼脱炭素の雲行きが…

#石川和男 @kazuo_ishikawa
#大浜平太郎",0
"【杉山大志　再エネ利権を一掃せよ】日本を滅ぼすエネルギー政策　抵抗していた経産省こそが強力な「脱炭素利権」に　中国に利するだけの政治が変わるしかない
https://zakzak.co.jp/article/20240807-OLVIQDXVQBNOJML6UAI6H2EATU/…

お金の多くは中国企業に流れる一方、脱炭素は日本の防災にまったく役立たない
#メガソーラー #再エネ利権 #zakzak",1
"日本を経済的に疲弊破壊し
企業や人を全て外国に支配させるための政策が
脱炭素や再エネ推進
脱炭素も環境問題も全て嘘
再エネは電力供給を不安定化し、日本の高い供給能力を破壊し
外国に日本を安売りするための手法",0
"今後、#RE100 に参加する企業が益々増えるだろう。もう原発の時代は終わったってことだ。

【2023.12.22 最新版】RE100日本企業 84社リスト ～COP28再エネ最新情報追加～｜Members＋ 脱炭素DXレポート @Members_corp #DX #脱炭素 #カーボンニュートラル #SDGsへの向き合い方",0
「スウェーデンの新政権は脱炭素化の2030年目標を破棄。ガソリン税を廃止。再エネを増やす目標も破棄した」と池田信夫氏。今やこれが世界のトレンド。日本も早くそうしろ、岸田！,1
【杉山大志　再エネ利権を一掃せよ】日本を滅ぼすエネルギー政策　抵抗していた経産省こそが強力な「脱炭素利権」に　中国に利するだけの政治が変わるしかない https://zakzak.co.jp/article/20240807-OLVIQDXVQBNOJML6UAI6H2EATU/… @zakdeskより,1
"同時同量よりも“自前で速やかに増量確保(再エネ増設)できる安価な脱炭素電源”
が必要な事に気付けず発狂する奴ら（笑）が殺到中",0
"バイデン米大統領は、中国から輸入する電気自動車（ＥＶ）への関税を１００％に引き上げると発表しました
欧州も「脱炭素」や「再エネ」路線に転機が
日本も対応を迫られそうです 
https://zakzak.co.jp/article/20240516-2XRTST5XWRPWNAKNRRTZGTO2VI/…
#バイデン #中国ＥＶ #制裁関税強化 #日本も再エネ見直し",1
米が中国ＥＶに制裁、関税１００％に　ＥＵでも締め付け厳しく「脱炭素」「再エネ」一辺倒に転機　追われる日本の政策見直し https://zakzak.co.jp/article/20240516-2XRTST5XWRPWNAKNRRTZGTO2VI/… @zakdeskより,1
"コメントしました。
日本も原発の再稼働、新規建設を進めなければ日経記事（５月３１日）にあった再エネ賦課金の値上がり等による電気代の最高値の更新がさらに進んでいくでしょう。

原発、揺らぐ「脱炭素電源」　欧米で建設停滞相次ぐ - 日本経済新聞",1
補助金ではなく再エネ賦課金を止めればいい。まあこうして二言目には「家計支援は脱炭素に逆行する！」と言い出す日経は口が裂けてもそんな提案はしないだろうが。そもそも日本の火力発電は世界最高効率ですよ。日経の言うとおりにしていたら日本経済は本当にダメになるな。,1
【日本にいらないもの】・岸田文雄・上川陽子・日本医師会・デマ太郎・マスゴミ・こども家庭庁・厚労省・mRNAワクチン・新型インフル行動計画・SDGs・LGBTQ法・脱炭素・ゲノム編集食品・昆虫食・マイナカード・緊急事態条項・インボイス・再エネ賦課金・太陽光発電　他には？,1
"気候変動が人為的ではないとか、EVは排出削減にならないとか、再エネは使えないとか…

エビデンスに基づかない非科学的なデマで日本の電化や脱炭素、エネルギー自給率の向上が遅れたとき、得するのは誰か？

あまり考えたくないですが、仮に日本を貶めたい敵国の行動なら、納得行きますね…",1
Google､日本で再エネ直接調達　データセンターを脱炭素：日本経済新聞,1
Google､日本で再エネ直接調達　データセンターを脱炭素,1
"原子力より問題は化石燃料。政府の進めた脱炭素化で「座礁資産」になり、採掘量が減っている。
2032年以降、補助金がなくなって再エネが座礁したころには、化石燃料も発電所もなくなり、製造業は日本から消える…",1
"あなた本当に国民守る為の日本の総理？
脱炭素など悪政は大気は世界中繋がってるのにたかが３％しかCO2排出してない日本でなぜここまで自国の景観を破壊させ国民に再エネ賦課金など負担強いる悪政を推進せにゃならんのか
世界最大CO２排出国である支那のような国が更生せねば限りなく無意味だろ",1
菅政権の「脱炭素政策」というのは、簡単に言えば再エネですよ。だから菅は再エネ利権の大元締めと言ってよい。美しい日本の国土を破壊し、醜悪な太陽光パネルを全国に敷設している。万一、小泉政権ができれば霊峰富士の麓は太陽光パネルで覆い尽くされることになるだろう！,1
"「物流で脱炭素！」を唱えるキクタが再エネ電力100%供給を目指すGPPさんにインタビューしたYouTube動画の後編がアップされました。
昼間に大量に余って廃棄されている再エネ電力の用途として「FCEV用グリーン水素サプライチェーンの確立」を私から提案してみたら…。",0
「脱炭素」「反原発」「再エネ」で一致しているだけの話。それにしても菅直人は小泉純一郎を仲間に引き込んで満面の笑み。逆に言えば日本経済が停滞している諸悪の根源。やはりこんな○○な親の子を再び総理にする訳にはいかない！本当に日本が崩壊してしまう。,1
"再エネ問題に付いては恥ずかしながら無知なので、保守党の主張に間違いがある場合は詳しい人に教えてもらいたいです。

ただ日本だけが脱炭素に背を向けることは不可能であること、しかしながらコバホークが現行制度見直しを提言していることは存じてます。(微調整的な提言?)

百田は→",1
"電力広域的運営推進機関（OCCTO）がまとめた電気事業者の供給計画によると、2033年になっても石炭火力は現状からわずかに減少した程度、再エネは少し増加した程度となることがわかりました。

国際目標どころか日本の2030年エネルギーミックス目標すら達成が危ぶまれます。",1
日本は菅政権のときに、2030年までのCO2 削減目標を26％から46％へと、20％も引き上げました。そして、エネルギー政策の基本的な方向性を示すエネルギー基本計画書には「再エネ最優先」と書き込まれました。これは当時の小泉進次郎環境大臣と河野太郎規制改革担当大臣が押し込んだもの,0
ブルームバーグ・ニュー・エナジー・ファイナンス（BNEF）は、日本のエネルギー政策に関し、水素やアンモニア等のコストのかかる技術に頼ることなく、エネルギー安全保障を強化しながら、2050年のカーボンニュートラル目標を達成できるとの見解を表明した。,0
パワーエックスこの企業取り組みは日本のエネルギー政策の経済安全保障の重要な解決策にもなり、政府が目標とする2050年までのカーボンニュートラルの目標達成にもつながる,0
"前から言ってるように、世界的には原子力推進。
https://mainichi.jp/articles/20231202/k00/00m/030/079000c…
「2050年までに世界で原子力発電3倍」　日本も賛同 COP28 
気温上昇抑える目標達成するために原子力が重要役割を果たしていると指摘。「エネルギー安全保障に利点がある」と。日米以外では英国やフランス、UAE、韓国など参加…",1
"原発60年超の背景
脱炭素社会とエネルギー安全保障の共存は理解。
2050年温室効果ガス排出量実質ゼロのカーボンニュートラル
が目標。
政府は再生可能エネルギーより原発活用を政策判断。
2030年度に二酸化炭素がない原発の割合を2020年度約4%を
20%に。
危険は大きくなっては困る。
万事は安全第一。",0
"「SDGsエコバブルの終焉」
出版イベント動画が公開となりました
著者が順番に講演
↓
https://m.youtube.com/watch?si=AY1DvGWPqJMfo_xl&v=RHl52otY0w4&feature=youtu.be…
2050年にCO2ゼロという極端な目標に向かっているが、再エネは国民の負担やチャイナリスクなど問題となっている
日本は安全保障と経済を優先としたエネルギー政策に舵をきるべきではないか？",1
⑨いまの政策のままでは、国の2030年目標が達成されたとしても、その時点では日本の電力は多くを化石燃料に依存し続け、エネルギーコストの高騰に苦しみ、CO2排出の高い電気を使い続けることになります。,0
"米国は公式の目標を決定していませんが、エネルギー省は2035年に自然エネルギーが81％になるという報告書を公表しています。

現在の政策のままでは、国の2030年目標が達成されたとしても、その時点では日本の電力は多くを化石燃料に依存し続け、エネルギーコストの高騰に苦しみ、",0
"2050年に向けた日本のエネルギー政策
・日本は2050年までにカーボンニュートラル
・エネルギー導入拡大が課題
・新たな政府目標設定へ
・排出量取引2026年度本格運用
・再生可能エネルギー活用も視野",0
"日本のエネルギー政策が原子力発電に向かっていくことについてThe Economistの記事。止まっている原子炉23基のうち、今年中に7基を再稼働するぞと。2030年の目標達成にはさらに10基の追加稼働が必要とのこと。道は長い。
https://economist.com/asia/2023/01/12/japan-pivots-back-to-nuclear-power…",0
"#経済産業省 CCS長期ロードマップ検討会 #最終とりまとめ❶
基本理念：CCSを計画的合理的に実施我が国経済産業発展、エネルギー安定供給確保やCN達成に寄与
目標
　2050年CO2貯留年間約1.2〜2.4億t=IEA試算36〜72億t×日本排出割合3.3%
　2030年迄に事業環境整備
https://meti.go.jp/shingikai/energy_environment/ccs_choki_roadmap/20230310_report.html…",0
"大林氏は２０５０年に二酸化炭素（ＣＯ２）排出量を実質ゼロにする日本政府の目標に言及して「２０５０年になっても東アジアで孤立した国であるのが、日本や他の国々にとって幸せなことかは考える必要がある」と語った。

エネルギー政策素人やんw
推薦人の河野太郎の責任よ",0
"【気候・エネルギーファクト集】日本の温室効果ガス排出量は近年削減傾向。ただし、今のままの政策では2030年目標達成は厳しい。2050年ネットゼロに向けさらなる大きな削減の道筋をどう描くのかが、まさにこれからの議論。
https://climateintegrate.org/archives/7108",1
"再生可能エネルギー導入拡大の展望：技術革新で日本の「勝ち筋」とは―資源エネルギー庁の井上博雄部長に聞く(http://nippon.com)
#Yahooニュース
https://news.yahoo.co.jp/articles/2602982c9e3b8171e892c142f2bdb9f814cebacd?source=sns&dv=sp&mid=other&date=20240807&ctg=bus&bt=tw_up…",0
中国は二酸化炭素排出量でも世界トップなので、そこで再生可能エネルギーが躍進するのは世界全体のためになるのでは。（ただし一人当たり排出量は日本よりやや少なく、ドイツと同程度） / “「再生可能エネルギー」のコストが劇的に低下、化石燃料よりも有利に | Forbes JAP…”,0
再生可能エネルギーの導入、なぜ日本は遅れている？専門家「技術やコストでなく…」 (朝日新聞GLOBE＋),1
"▼秋元司（無所属）
経済政策に重点を置く。
小規模企業への支援強化を主張。
環境対策として再生可能エネルギーの利用拡大を推進。

▼飯山陽（日本保守党）
伝統的な家族観と社会倫理の強化。
移民政策の厳格化。
経済自立と技術革新を訴え。",0
"サラッと書いてあるけれど、日本とそれ以外との施工効率の違いってめっちゃ大きいと思うんだよね。

日本のエネルギー政策の現状と課題－再生可能エネルギーは環境に優しいが高コストか｜ニッセイ基礎研究所",0
"資源を使わず、大気を循環するエネルギーを活用する再生可能エネルギー。

コスト面でも間も無く原発を下回る状況。
不安定と言う特性は蓄電技術で解消可能。

小規模発電施設を多数設置でき、災害時の出力低下の影響も軽減。

日本向きの発電方法。

政府はなぜブレーキを？
原発利権美味しいの？",0
再生可能エネルギー導入拡大の展望：技術革新で日本の「勝ち筋」とは―資源エネルギー庁の井上博雄部長に聞く #SmartNews,0
"再生可能エネルギー導入拡大の展望：技術革新で日本の「勝ち筋」とは―資源エネルギー庁の井上博雄部長に聞く(http://nippon.com)
#Yahooニュース",0
再生可能エネルギーの導入、なぜ日本は遅れている？専門家「技術やコストでなく…」（GLOBE＋）,0
"水素関連動向
「水素の分野で強力な技術革新者だ」と評価。
再生可能エネルギーなど低炭素で水素をつくる技術の特許が増えているという。

日本の“技術力”に期待
“グリーン水素”の成長力にも期待

水素特許、日欧けん引　化学・自動車目立つ: 日本経済新聞",1
"日本政府は脱炭素社会実現に向けた基本方針をまとめGX（グリーントラスフォーメーション）におよそ150兆円投資する方針を打ち出した
原発・再生可能エネルギーはじめ多くの分野で技術革新が進む事が期待され関連企業の商機も大きい

木村化工・助川電気",1
"記事タイトル「日本のアンモニア・石炭混焼発電は脱炭素化へのコストが高い、再生可能エネルギーはより経済的な代替手段」

BloombergNEFによれば日本政府が熱心な「アンモニア混焼」には合理性がない。

劇的な低コスト化が進む再エネへの集中が合理的だが、それを嫌がっている人たちがいる。",0
"「日本、再生可能エネルギーの新たな時代へ」
日本が再生可能エネルギーの利用を大幅に拡大、2050年までに炭素中立を目指す革新的な計画を発表。この動きは、環境に対する意識の高まりと技術革新の成果として、国内外から注目されています。#再生可能エネルギー #炭素中立 #環境革新 #持続可能な未来",0
"12月12日は #バッテリーの日 日本蓄電池工業会が制定しました。
本日は #サイエンスポータル から、再生可能エネルギーに関する記事をご紹介します。再生可能エネルギーの普及には、電気を「ためる」ための技術革新が必要なのだそうです。
#今日は何の日",0
"再生可能エネルギー導入拡大の展望：技術革新で日本の「勝ち筋」とは―資源エネルギー庁の井上博雄部長に聞く(http://nippon.com)
#Yahooニュース",0
"クリーンで信頼できる再生可能エネルギーの拡充は、モルディブの優先課題。

低炭素、低コスト、エネルギー保障を目指した再生可能エネルギーの導入が、日本政府の協力のもとで進められています。

 https://bit.ly/3fOeqEo",0
"多分「余った土地に太陽光パネルを敷き詰めたり、地熱で発電すれば良い」という考えなんだろうけど、日本は2020年時点で世界3位になるレベルで太陽光パネルを設置してるんよね。
他の再生可能エネルギーと合わせても石炭発電と比較すると約3分の1の発電量。
余程の技術革新でもない限り、↓",0
再生可能エネルギーの余剰電力を「電池」の形で蓄積するか「水素」に変えて保存するか。どっちが貯蔵・流通コストが高いのか。 / “MIT Tech Review: 技術で先行する日本の「グリーン水素」は世界の潮流に乗れるか” https://htn.to/3R69HZqN1J,0
"つーか、EVとHVでLCAでのCO2排出は2%しか変わらないのか…
原発と太陽光の稼働率で変わるだろうけど
日本で再生可能エネルギー(原発を除く)の比率が更に上がるとは思えないよのよね
それには蓄電池が必要で、今のところだとコスト的にペイしないので、蓄電池の価格が下がるまでは頭打ちなような",0
"再生可能エネルギーの導入、なぜ日本は遅れている？専門家「技術やコストでなく…」(GLOBE＋)
#Yahooニュース
https://news.yahoo.co.jp/articles/5caf792f54d186f834e993de6f78382a01290990?source=sns&dv=pc&mid=other&date=20240930&ctg=bus&bt=tw_up… 
”日本の再エネ導入が欧米や中国と比べて遅い原因は、技術でもコストでもない。必要なのは、政策や制度の策定や見直しだ。”",0
"1リットル700円、ENEOSが「合成燃料」日本初の一貫製造。鍵は低コスト化(BUSINESS INSIDER JAPAN)
#Yahooニュース
https://news.yahoo.co.jp/articles/45d6f117dc04ebfd431abdfe1704ab07b72ca219?source=sns&dv=sp&mid=other&date=20240930&ctg=bus&bt=tw_up…

電力をいかにリーズナブルなプライスで、しかも再生可能エネルギーで作るかがキーになる。",0
"＞電力をいかにリーズナブルなプライスで、しかも再生可能エネルギーで作るかがキーになる。

EVなら充電した方がロスも少なく運用できる。(航空機除く)

1リットル700円、ENEOSが「合成燃料」日本初の一貫製造。鍵は低コスト化（BUSINESS INSIDER JAPAN） - Yahoo!ニュース",1
"原子力マフィアのせい。

朝日新聞社は書きたくても書けない(情けない)

再生可能エネルギーの導入、なぜ日本は遅れている？専門家「技術やコストでなく…」(GLOBE＋)",1
"電気工事の仕事をしたことのある人は

再生可能エネルギーが発電コストと建設コストが異常に高いことを知っています｡

完全にまやかしですわ｡",0
"日本の再エネ導入が欧米や中国と比べて遅い原因は、技術でもコストでもない。必要なのは、政策や制度の策定や見直しだ。

   再生可能エネルギーの導入、なぜ日本は遅れている？専門家「技術やコストでなく…」",0
"結局
「自社の利益≫日本の国益」

こんなに日本がバカにされるてるのに、まだ太陽光発電の拡大を目論んでいる模様。

更なる「再エネ賦課金値上げ」を考えるとは

""技術革新が進む太陽光や風力発電など再生可能エネルギーの導入拡大策が大きな議題です""

https://www3.nhk.or.jp/news/html/20240401/k10014408711000.html…",0
"おはようございます

昨日は電気料金
爆上げNEWSにたまげた

火山大国日本は自国資源
地熱資源量、世界第3位です
再生可能エネルギー
安定供給も可能
発電コストがやすい
既得権益守って
国が衰退したら意味ないよ

JISON
カードケース&コインケース
人気商品の仲間入りです

#札幌Twitter会",1
"＞今回のロシア危機はエネルギー転換が進む良い機会

ほんコレ。石油やガスを使った火力発電は当分は減らせないけど、風力や地熱などの再生可能エネルギーに徐々にシフトするべき。原発利権とズブズブの自民政権のせいで日本では再生可能エネルギーの技術革新の面で他の先進国に比べて遅れを取っている",0
"「クリーンエネルギーの比率を2035年までに9割にできる〜太陽光と洋上を含む風力を中心に再エネを7割〜(原子力は)1割強に低減しても問題ない」「(コストは2020年比で)6％削減」

再生可能エネルギーの導入、なぜ日本は遅れている？専門家「技術やコストでなく…」：朝日… /",0
"再生可能エネルギー発電促進賦課金単価の決定について
https://tohoku-epco.co.jp/news/normal/1240241_2558.html…
で、【核融合発電】は導入計画策定しないの!?
米は2030実用化
日本国内、技術革新進んでいる
肝心の電力大手が積極的導入姿勢見せてかないと",0
"再生可能エネルギー由来の電気を使って作る「グリーン水素」製造装置の低コスト化で日本勢が成果を上げています。
 https://nikkei.com/article/DGXZQOUC154EX0V10C23A5000000/…",0
"日本は、本当は、地熱発電を一番振興したいのだが…

<4/15日経産業>
地熱は再生可能エネルギーで、太陽光や風力と違って天候に左右されず24時間稼働できる。日本の地熱資源量は2340万キロワットと推計され世界３位。実際の導入量は55万キロワット程度。温泉事業者との調整や掘削コストの高さが壁…",1
"記事> ドイツ政府は再生可能エネルギーへの転換を進めて中長期的に料金は下がるとしているが、欧州の中でも再生エネのコストが高い

↓
最近、再エネは安くなったと聞くけど、記事では高いと書いてます。実際どうなの？

脱原発のドイツ、産業用電気代は日本の3.5倍",1
"私のエネルギー政策がまさか日本保守党に近いとは。
私の考え方だと本邦では最終的に電力の大半を再生可能エネルギーへ転換すべきだが、今世紀中には技術革新が追いつかず無理なのと冗長性を考えて再エネの世になっても一定数の火力発電は残すべき。
そのため火力発電の進化発展が当面の課題と。",0
日本では10年前の福島原発事故を通じて原発に忌避感を持つ人が増えたのは客観的事実だろう。今後、原発の新設に対して同意する地域が出てくるとは思えない。そもそも世界的にはコストでも再生可能エネルギーにかなわなくなっている。電源の脱炭素化は再エネを中心に考えるのが筋だろう。,0
"大艦巨砲主義と変わらない、甘い状況分析、遅い基本方針転換

2000年代に入っていくと様相が一変します。欧州は再生可能エネルギーに真剣になったのに、日本は不安定でコスト高だと軽視し続けました。

「老衰」する日本の資本主義　経済学者・諸富徹さんの処方箋は　https://asahi.com/articles/ASQ5H3C98Q58ULFA005.html… #",0
"再生可能エネルギー導入拡大の展望：
技術革新で日本の「勝ち筋」とは―
資源エネルギー庁の井上博雄部長に聞く（http://nippon.com）",0
"原子力ムラ界隈固有の論理。　　(●´ω｀●)

「原発は100％安全理論」や、「原発の発電コストは一番安い理論」などの嘘八百を用いて原発行政を擁護し続けたのがこの界隈であり。

原子力ムラの妨害により、再生可能エネルギー技術開発が世界から著しく遅れている日本の現状。

https://x.com/namiki85021933/status/1658045122406383616?s=20…",0
"丸紅

23日、洋上風力発電事業や水素事業などで英BPと連携すると発表した。まずはBPの再生可能エネルギー子会社と洋上風力発電事業を手掛ける合弁会社を設立し、日本での案件開発を進める。競争が激化するなか、コスト面や技術面でのノウハウを蓄積する。",0
企業が「脱炭素」を果たすために不可欠な再生可能エネルギー。安価で安定的に調達できるかが、国や企業の競争力を左右する時代に入った。国際会議では2030年までに世界の再生エネ容量を3倍に増やすことになったが、日本は地形や気候条件、コスト面から欧州などに後れを取っ…,0
"洋上風力発電が注目されるのはなぜ？

その答えは、再生可能エネルギーとしての巨大なポテンシャルと、低コスト化への挑戦にあります。
日本の海域に眠る無限の可能性、今こそ探求の時です！

洋上風力は、私たちの未来にクリーンな風を吹かせるかもしれません。
#洋上風力 #再生可能エネルギー",0
"原発は安全だとか、再生可能エネルギーはコスト高で不安定だとかいう経済産業省のプロパガンダのウソを見抜いてきた知識人でさえも、
日本が財政危機だとか消費税が必要だとかいう、財務省やマスコミのプロパガンダの片棒を担ぐことがよくある。

財務省HPにデフォルトは考えられないとあるのだが。",1
"なぜ電力会社は、日本が地震大国なのに、原発を建てたがり、再生可能エネルギーの採用に舵を切れなかったのか。2011年7月の記事ですが、ご参考まで。
【原発新設の莫大なコストが莫大な儲けに直結】 #プレジデントオンライン",0
"メモ
原子力発電には高温ガス炉のようにより安全に、より熱エネルギーを取り出す更改の機会が迫っている。
そして核融合という跳躍的な技術革新も見え始めているが、それは再生可能エネという自然搾取手段の精緻化とは無関係。
普通に考えれば投資必至では?
盲目的落穂拾いに日本追い込みたい理由でも?",0
原発建設で、耐震度を上げれば上げるほど、建設コストが上がり経済競争には耐えられない。日本ではこれ以上のコストのかかる原発は不可能だ。再生可能エネルギーの発電コストが原発のコストの10分の1以下程度になっている。1kwh1.2円程度だ。原発は14円以上になっている。,0
"終焉を迎えつつあるフランス日本の核燃料サイクル。

福島第一原発事故以降、原子力の安全神話が崩壊し、フランス政府は再生可能エネルギーへの転換を図ることとなった。原発関連コストの上昇も、脱原発政策を加速させた一因といえる。日本では新しい安全神話が、NHKと岸田政権で出来つつある。",0
"再エネで24時間365日賄える日が早く来るといいな

----
原発は反対です。 あまり知られていないが世界的には既に太陽光や風力発電をはじめとする再生可能エネルギーが、最も発電コストが安い電力となっている。 日本では国による買い取り制度の政策の誤りもあり、再生可... https://news.yahoo.co.jp/profile/comments/16740898469371.9a64.00045…",0
"会派視察
・ゼロカーボンシティ計画に基づく再生可能エネルギー等の推進
・医療品や食品を市民等へ配送するドローン物流サービス
・千葉県内でも今後取り組まれる、日本第一号の浮体式洋上風力発電など。少子超高齢化の打開策は全国共通。技術革新により、持続可能な地域社会を創造していかねば",0
"Google生成AIに聞いてみた

日本の再エネが普及しないのはなぜ？

日本で再生可能エネルギー（再エネ）が普及しない理由は、次のとおりです。

・発電コストが高い
・発電設備の設置場所が限定されている
・太陽光や風力の発電量を予測することが難しい",0
INPEXは日本最大のエネルギー開発企業で石油や天然ガスの探査生産を世界各地で行っています。地球環境に配慮しながら再生可能エネルギーや水素などの新エネルギー事業にも積極的に取り組んでいます。持続可能なエネルギー供給を目指し、技術革新とグローバルな視点で未来を切り拓くリーダー企業です。,0
"コスト増や不安定性を受け入れて再生可能エネルギーを進めるのか、安全への懸念と同居して原子力を選ぶのか、海外から脱炭素に消極的と批判されるのよしとして石炭火力を続けるか。現実的な議論がいよいよ必要です。

↓【岐路に立たされる日本のエネルギー基本計画】",0
"➜ドイツ政府は再生可能エネルギーへの転換を進めて中長期的に料金は下がるとしているが、欧州の中でも再生エネのコストが高い
➜22年9月のドイツの産業用の電力料金は日本の3.5倍

ドイツ、産業用電気代は日本の3.5倍　競争力に影響 - 日本経済新聞 https://nikkei.com/article/DGXZQOGN150AL0V10C23A4000000/…",0
再生可能エネルギーの導入、なぜ日本は遅れている？専門家「技術やコストでなく…」（白石賢治）,0
"日本が求めた念願の国産エネルギーは原子力エネルギーです。
風力や太陽光をメインとした日本の再生可能エネルギーの致命的な問題点は、コストではなく「安定したベースロード電源にならない」事です。",0
"欧州の電力供給は、各国とも、コストの安い順から使われていく。
日本は危険な電力から使われていく。
欧州の2024年は、これまでのところ、化石燃料よりも風力と太陽光による発電量の方が多い。
Emberの分析、欧州連合における電力需要は、50%が再生可能エネルギー、27%が化石燃料で電力供給された。",0
"再生可能エネルギーの発電割合の増加が目指されるなか、四方が海に囲われた日本は、特に #洋上風力発電 にポテンシャルがあります。

しかし、高いコストと供給の安定性が課題
#蓄電池 などの技術開発とあわせて、コスト削減が必要とされています▽",0
"再エネ推進の為、その投資を国民からの再生可能エネルギー発電促進賦課金を徴収し使われている。

2024年度は、この再エネ賦課金が引き上げられて、世帯当たりで年額1万6752円になると政府が発表した（1カ月の電力使用量が400kWhのモデル）。
世界では再エネはコストが安いが、日本は反対に高い。",0
ご案内した東京ビッグサイトの農業イベントは約41000人以上が来場しました。中でも20代〜30代の来場者が信じられないぐらい沢山来場!このままでは食料難になる日本施設園芸農業の普及と発展、技術革新は不可欠です!今後再生可能エネルギー一大拠点になる秋田で施設園芸を普及させていきたいです,0
非常に面白いレポート。グリーン水素生産のコストのうち大きな割合を占めるのが再生可能エネルギー電力コスト。日本よりも海外の方が低コストで必要電力を調達可能であるため、グリーン水素自体は輸入になる部分が大きいのではないかということ。,0
"日世界が再生可能エネルギー政策を転換し始めているのに、日本はこれからまだまだ推進
今まで投資したが惜しいのは分かるが、明らかにコストと環境負荷、エコのバランス悪すぎ
サンキューコストに目が眩み損切り出来ない日本の典型
#太陽光パネル義務化反対 
#SDGsはエゴ集団",0
"言いたいことはわかるんだけれど、少し画餅というかバランス感覚が悪いというか。

再生可能エネルギーの導入、なぜ日本は遅れている？専門家「技術やコストでなく…」",0
"現在の日本の再エネ比率は約2割だが、太陽光と洋上を含む風力を中心に再エネを7割まで増やすと記事に書かれている。原発ゼロに出来るのだろうか？再生可能エネルギーの導入、なぜ日本は遅れている？専門家「技術やコストでなく…」(GLOBE＋)
#Yahooニュース",0
"三菱総合研究所

NEDO公募「電源の統合コスト低減に向けた電力システムの柔軟性確保・最適化のための技術開発事業（日本版コネクト＆マネージ 2.0）」への参画について
https://fs2.magicalir.net/tdnet/2024/3636/20240628540661.pdf…

再生可能エネルギーの有効活用に向けた NEDO 実証事業への参画について
https://fs2.magicalir.net/tdnet/2024/3636/20240628540623.pdf…",0
"献金してくれるオワコン産業を保護する自民党の金権政治が続く限り、今後も日本は世界に取り残されていくばかり。
＞＞再生可能エネルギーの導入、なぜ日本は遅れている？専門家「技術やコストでなく…」",0
"役所の資料を多く引用しているが誰向けなんだろう。役所の資料を読んだ方がより詳細だしと思ってしまうのは自分がなれてしまっているからだろうか。。／
日本のエネルギー政策の現状と課題～再生可能エネルギーは環境に優しいが高コストか～",0
「日本が石炭火力などの全廃に及び腰な理由は明確で、日本が欧米諸国と比べて日照時間や風況に恵まれず、再生可能エネルギーの発電コストが割高だから」,0
"要は利権とやる気だけの問題．
：再生可能エネルギーの導入、なぜ日本は遅れている？専門家「技術やコストでなく…」(GLOBE＋)
#Yahooニュース",0
再生可能エネルギーで日本の電力を賄えるという根拠を教えてください。日本の電力が賄えるなら他の先進国がこぞって研究するはずです。安定して電力を供給するのが不可能な上、広い土地が必要で、安全性に問題があり、設備の維持と部品廃棄にコストがかかるとか、デメリットが多すぎる。,0
再生可能エネルギーの導入、なぜ日本は遅れている？専門家「技術やコストでなく…」：朝日新聞GLOBE＋,0
"再生可能エネルギーの導入、なぜ日本は遅れている？
https://globe.asahi.com/article/15410318…
白石賢司氏
「既に商用化されている技術で、CO2を排出しないクリーンエネルギーの比率を2035年までに9割にできる」「日本の再エネ導入が（略）遅い原因は、技術でもコストでもない。必要なのは、政策や制度の策定や見直し」",0
"ラッダイトの名も思い出す話　(^^♪
技術革新とともに消滅していく仕事もある、というのは経済的社会構成体の歴史にとっての宿命。
故に、火力、原子力に縋る時代錯誤は必ず淘汰される。再生可能エネルギー開発、省エネ技術開発にこそシフトすべきでしょう。
日本共産党提案の「2030戦略」のように。 https://x.com/Lrigkseulb/sta/Lrigkseulb/status/1691431672951316480…",0
立憲は物価上昇ではなく賃金上昇を目指します。その為に、安易な金融緩和ではなく、教育・研究開発・グリーンエネルギーや医療介護の産業促進にお金を使います。ノーコストで一発逆転の夢の様な政策を掲げるのではなく、地道に着実に日本をより良くする政治を実現していきます,1
"《再生可能エネルギー30年に3倍，国内に ""容量あると考えず"" 環境相》「118カ国が再エネ3倍に合意… 新興国の排出量削減を支援して一部を日本側の削減分とみなす ""2国間クレジット制度"" を進める…」。政治家の得意技…それより新規太陽電池の普及等，技術革新を優先しよう！",0
再生可能エネルギーのリーダーは挑戦するからです。再エネのコストは最初ほど高いものなのです。日本の太陽光発電は、2012年には40円買取でしたが今は9円です。テキサス州では再生可能エネルギーと蓄電池の導入が最近著しいですが、平均の電気代はカリフォルニア州の半分もありません。,0
"再生可能エネルギーの導入、なぜ日本は遅れている？専門家「技術やコストでなく…」 https://globe.asahi.com/article/15410318…
「電力の生産側には痛みをもたらす変化」：再エネ賦課金や託送料金の増大を見れば、消費者側にも痛みをもたらしているだろう。アホみたいな記事である。",1
"再生可能エネルギーという名前が間違い。太陽光発電、風力発電は、希少金属大量使用、大規模環境破壊、短寿命、高廃棄コスト、不審事業者など
取返しのつかない要素ばかりです。

再生可能エネルギーの導入、なぜ日本は遅れている？「技術やコストでなく」",1
"再エネへの期待が過剰すぎる記事です。蓄電池のコストは下がったと言いますがまだ高価であり、今後継続的に下がるとは限りません。再エネには現実的な導入量があることを認識すべきです。

再生可能エネルギーの導入、なぜ日本は遅れている？専門家「技術やコストでなく…」",1
"再生可能エネルギーの導入、なぜ日本は遅れている？専門家「技術やコストでなく…」 https://l.smartnews.com/m-WYD4e/S8lmLk 
日本が再エネをあまり進めるべきではないのは、推進している他国のように
「使い道のない余った平原」
がなく、",1
"再生可能エネルギーの導入、なぜ日本は遅れている？専門家「技術やコストでなく…」 https://globe.asahi.com/article/15410318… 
何億レベルの周回遅れじゃん。",1
"再生可能エネルギーの導入、なぜ日本は遅れている？専門家「技術やコストでなく…」

遅れているのではなく、遅らせているのだ。つまり、進展してしまうと、不都合な方々がいらっしゃるということ。

ちなみに、南オーストラリア州は来年再エネ100%達成。

#千葉市
#ちば",1
"やはり、再生可能エネルギーを推進していくためには、政治が動かなくては。

日本の基幹産業にしたい。この分野で世界的にトップに立つ、日本企業を生みだしたい！

#立憲民主党代表選2024

再生可能エネルギーの導入、なぜ日本は遅れている？専門家「技術やコストでなく…」",1
再生可能エネルギーの導入、なぜ日本は遅れている？専門家「技術やコストでなく…」,1
